Gene	miRNA
AATF	hsa-miR-2909
AATK	hsa-miR-1250-3p
AATK	hsa-miR-1250-5p
AATK	hsa-miR-338-3p
AATK	hsa-miR-338-5p
AATK	hsa-miR-657
ABCA6	hsa-miR-4524a-3p
ABCA6	hsa-miR-4524a-5p
ABCC10	hsa-miR-6780b-3p
ABCC10	hsa-miR-6780b-5p
ABCF1	hsa-miR-877-3p
ABCF1	hsa-miR-877-5p
ABHD16A	hsa-miR-4646-3p
ABHD16A	hsa-miR-4646-5p
ABLIM2	hsa-miR-95-3p
ABLIM2	hsa-miR-95-5p
ABR	hsa-miR-3183
AC000120.3	hsa-miR-1285-3p
AC000120.3	hsa-miR-1285-5p
AC004080.3	hsa-miR-196b-3p
AC004080.3	hsa-miR-196b-5p
AC005670.2	hsa-miR-5089-3p
AC005670.2	hsa-miR-5089-5p
AC008481.3	hsa-miR-7974
AC012531.3	hsa-miR-196a-3p
AC012531.3	hsa-miR-196a-5p
AC012531.3	hsa-miR-615-3p
AC012531.3	hsa-miR-615-5p
AC013394.1	hsa-miR-3175
AC018512.1	hsa-miR-1282
AC019257.8	hsa-miR-3674
AC019257.8	hsa-miR-596
AC020907.6	hsa-miR-6887-3p
AC020907.6	hsa-miR-6887-5p
AC022384.1	hsa-miR-12127
AC022506.1	hsa-miR-616-3p
AC022506.1	hsa-miR-616-5p
AC026316.4	hsa-miR-6828-3p
AC026316.4	hsa-miR-6828-5p
AC069288.1	hsa-miR-4655-3p
AC069288.1	hsa-miR-4655-5p
AC097634.4	hsa-miR-1284
AC112128.1	hsa-miR-8076
AC132217.2	hsa-miR-483-3p
AC132217.2	hsa-miR-483-5p
AC138969.1	hsa-miR-6511a-3p
AC138969.1	hsa-miR-6511a-5p
AC138969.1	hsa-miR-6770-3p
AC138969.1	hsa-miR-6770-5p
ACAP3	hsa-miR-6726-3p
ACAP3	hsa-miR-6726-5p
ACBD6	hsa-miR-3121-3p
ACBD6	hsa-miR-3121-5p
ACMSD	hsa-miR-5590-3p
ACMSD	hsa-miR-5590-5p
ACSS3	hsa-miR-4699-3p
ACSS3	hsa-miR-4699-5p
ADAMTSL1	hsa-miR-3152-3p
ADAMTSL1	hsa-miR-3152-5p
ADAMTSL4	hsa-miR-4257
ADCY6	hsa-miR-4701-3p
ADCY6	hsa-miR-4701-5p
ADCY7	hsa-miR-6771-3p
ADCY7	hsa-miR-6771-5p
ADGRB2	hsa-miR-4254
AFTPH	hsa-miR-4434
AGPAT1	hsa-miR-6721-5p
AGPAT5	hsa-miR-4659a-3p
AGPAT5	hsa-miR-4659a-5p
AIP	hsa-miR-6752-3p
AIP	hsa-miR-6752-5p
AK1	hsa-miR-4672
AKT2	hsa-miR-641
AL117348.2	hsa-miR-6741-3p
AL117348.2	hsa-miR-6741-5p
AL132780.3	hsa-miR-4707-3p
AL132780.3	hsa-miR-4707-5p
AL136531.2	hsa-miR-6869-3p
AL136531.2	hsa-miR-6869-5p
AL157935.2	hsa-miR-4672
AL355987.1	hsa-miR-6722-3p
AL355987.1	hsa-miR-6722-5p
AL358472.7	hsa-miR-6737-3p
AL358472.7	hsa-miR-6737-5p
AL359736.1	hsa-miR-2276-3p
AL359736.1	hsa-miR-2276-5p
AL451062.3	hsa-miR-6079
AL662899.1	hsa-miR-4646-3p
AL662899.1	hsa-miR-4646-5p
AL929554.1	hsa-miR-3621
ALDH2	hsa-miR-6761-3p
ALDH2	hsa-miR-6761-5p
ALDH4A1	hsa-miR-1290
ALDH4A1	hsa-miR-4695-3p
ALDH4A1	hsa-miR-4695-5p
AMBRA1	hsa-miR-3160-3p
AMBRA1	hsa-miR-3160-5p
AMOTL2	hsa-miR-6827-3p
AMOTL2	hsa-miR-6827-5p
ANAPC1	hsa-miR-4771
ANK1	hsa-miR-486-3p
ANK1	hsa-miR-486-5p
ANK2	hsa-miR-1243
ANK2	hsa-miR-8082
ANKH	hsa-miR-4637
ANKRD28	hsa-miR-3134
ANKRD30B	hsa-miR-3156-3p
ANKRD30B	hsa-miR-3156-5p
ANKRD30BL	hsa-miR-663b
ANKRD54	hsa-miR-658
ANKRD54	hsa-miR-659-3p
ANKRD54	hsa-miR-659-5p
ANP32A	hsa-miR-4312
ANTXR1	hsa-miR-3126-3p
ANTXR1	hsa-miR-3126-5p
AOPEP	hsa-miR-2278
AOPEP	hsa-miR-23b-3p
AOPEP	hsa-miR-23b-5p
AOPEP	hsa-miR-27b-3p
AOPEP	hsa-miR-27b-5p
AOPEP	hsa-miR-6081
AP002990.1	hsa-miR-6747-3p
AP002990.1	hsa-miR-6747-5p
AP003071.5	hsa-miR-3164
AP1S1	hsa-miR-4653-3p
AP1S1	hsa-miR-4653-5p
AP2A1	hsa-miR-6799-3p
AP2A1	hsa-miR-6799-5p
AP3S2	hsa-miR-5009-3p
AP3S2	hsa-miR-5009-5p
AP3S2	hsa-miR-5094
APOLD1	hsa-miR-613
ARFGAP1	hsa-miR-4326
ARHGAP10	hsa-miR-4799-3p
ARHGAP10	hsa-miR-4799-5p
ARHGAP24	hsa-miR-4451
ARHGAP6	hsa-miR-548ax
ARHGEF11	hsa-miR-765
ARHGEF2	hsa-miR-6738-3p
ARHGEF2	hsa-miR-6738-5p
ARHGEF9	hsa-miR-1468-3p
ARHGEF9	hsa-miR-1468-5p
ARID4B	hsa-miR-4753-3p
ARID4B	hsa-miR-4753-5p
ARL10	hsa-miR-1271-3p
ARL10	hsa-miR-1271-5p
ARL15	hsa-miR-581
ARL2	hsa-miR-6879-3p
ARL2	hsa-miR-6879-5p
ARL2-SNX15	hsa-miR-6879-3p
ARL2-SNX15	hsa-miR-6879-5p
ARMC9	hsa-miR-4777-3p
ARMC9	hsa-miR-4777-5p
ARNT2	hsa-miR-5572
ARPIN-AP3S2	hsa-miR-5009-3p
ARPIN-AP3S2	hsa-miR-5009-5p
ARPIN-AP3S2	hsa-miR-5094
ARPP21	hsa-miR-128-2-5p
ARPP21	hsa-miR-128-3p
ARRB1	hsa-miR-326
ASB2	hsa-miR-4506
ASB3	hsa-miR-3682-3p
ASB3	hsa-miR-3682-5p
ASH1L	hsa-miR-555
ASTN1	hsa-miR-488-3p
ASTN1	hsa-miR-488-5p
ATAD2	hsa-miR-548d-3p
ATAD2	hsa-miR-548d-5p
ATF2	hsa-miR-933
ATG2A	hsa-miR-6749-3p
ATG2A	hsa-miR-6749-5p
ATG2A	hsa-miR-6750-3p
ATG2A	hsa-miR-6750-5p
ATG4D	hsa-miR-1238-3p
ATG4D	hsa-miR-1238-5p
ATP10A	hsa-miR-4715-3p
ATP10A	hsa-miR-4715-5p
ATP11C	hsa-miR-505-3p
ATP11C	hsa-miR-505-5p
ATP2B2	hsa-miR-885-3p
ATP2B2	hsa-miR-885-5p
ATP5MD	hsa-miR-1307-3p
ATP5MD	hsa-miR-1307-5p
ATP6V0A1	hsa-miR-5010-3p
ATP6V0A1	hsa-miR-5010-5p
ATP6V0A1	hsa-miR-548at-3p
ATP6V0A1	hsa-miR-548at-5p
ATXN10	hsa-miR-4762-3p
ATXN10	hsa-miR-4762-5p
B3GNT2	hsa-miR-5192
B9D1	hsa-miR-1180-3p
B9D1	hsa-miR-1180-5p
BAALC	hsa-miR-3151-3p
BAALC	hsa-miR-3151-5p
BABAM2	hsa-miR-4263
BCAS1	hsa-miR-4756-3p
BCAS1	hsa-miR-4756-5p
BCL2L14	hsa-miR-1244
BCL7C	hsa-miR-4519
BECN1	hsa-miR-6781-3p
BECN1	hsa-miR-6781-5p
BID	hsa-miR-3198
BIRC6	hsa-miR-558
BIRC7	hsa-miR-3196
BLACAT1	hsa-miR-135b-3p
BLACAT1	hsa-miR-135b-5p
BUD31	hsa-miR-12119
C16orf74	hsa-miR-1910-3p
C16orf74	hsa-miR-1910-5p
C17orf100	hsa-miR-4520-2-3p
C17orf100	hsa-miR-4520-5p
C1orf61	hsa-miR-9-3p
C1orf61	hsa-miR-9-5p
C3orf52	hsa-miR-567
C4orf50	hsa-miR-378d
C7orf50	hsa-miR-339-3p
C7orf50	hsa-miR-339-5p
CACHD1	hsa-miR-4794
CADM2	hsa-miR-5688
CALCR	hsa-miR-489-3p
CALCR	hsa-miR-489-5p
CALCR	hsa-miR-653-3p
CALCR	hsa-miR-653-5p
CALR	hsa-miR-6515-3p
CALR	hsa-miR-6515-5p
CAMK1D	hsa-miR-4480
CAMSAP3	hsa-miR-6792-3p
CAMSAP3	hsa-miR-6792-5p
CAMTA2	hsa-miR-6864-3p
CAMTA2	hsa-miR-6864-5p
CAMTA2	hsa-miR-6865-3p
CAMTA2	hsa-miR-6865-5p
CAPN15	hsa-miR-3176
CAPN15	hsa-miR-5587-3p
CAPN15	hsa-miR-5587-5p
CCDC40	hsa-miR-1268b
CCDC61	hsa-miR-769-3p
CCDC61	hsa-miR-769-5p
CCNF	hsa-miR-6767-3p
CCNF	hsa-miR-6767-5p
CCPG1	hsa-miR-628-3p
CCPG1	hsa-miR-628-5p
CD22	hsa-miR-5196-3p
CD22	hsa-miR-5196-5p
CD58	hsa-miR-548ac
CDC16	hsa-miR-548ar-3p
CDC16	hsa-miR-548ar-5p
CDC20B	hsa-miR-449a
CDC20B	hsa-miR-449b-3p
CDC20B	hsa-miR-449b-5p
CDC20B	hsa-miR-449c-3p
CDC20B	hsa-miR-449c-5p
CDC5L	hsa-miR-4642
CDC73	hsa-miR-1278
CDH13	hsa-miR-3182
CDH13	hsa-miR-8058
CDH23	hsa-miR-7152-3p
CDH23	hsa-miR-7152-5p
CDK4	hsa-miR-6759-3p
CDK4	hsa-miR-6759-5p
CELSR3	hsa-miR-4793-3p
CELSR3	hsa-miR-4793-5p
CERS6	hsa-miR-4774-3p
CERS6	hsa-miR-4774-5p
CFAP43	hsa-miR-609
CFAP44	hsa-miR-8076
CFAP45	hsa-miR-4259
CHCHD3	hsa-miR-3654
CHD2	hsa-miR-3175
CHM	hsa-miR-361-3p
CHM	hsa-miR-361-5p
CHRDL2	hsa-miR-4696
CHRM2	hsa-miR-490-3p
CHRM2	hsa-miR-490-5p
CHST11	hsa-miR-3922-3p
CHST11	hsa-miR-3922-5p
CHURC1-FNTB	hsa-miR-4706
CKAP5	hsa-miR-5582-3p
CKAP5	hsa-miR-5582-5p
CKS1B	hsa-miR-4258
CKS2	hsa-miR-3153
CLCN5	hsa-miR-188-3p
CLCN5	hsa-miR-188-5p
CLCN5	hsa-miR-362-3p
CLCN5	hsa-miR-362-5p
CLCN5	hsa-miR-500a-3p
CLCN5	hsa-miR-500a-5p
CLCN5	hsa-miR-500b-3p
CLCN5	hsa-miR-500b-5p
CLCN5	hsa-miR-501-3p
CLCN5	hsa-miR-501-5p
CLCN5	hsa-miR-502-3p
CLCN5	hsa-miR-502-5p
CLCN5	hsa-miR-532-3p
CLCN5	hsa-miR-532-5p
CLCN5	hsa-miR-660-3p
CLCN5	hsa-miR-660-5p
CLDN11	hsa-miR-6828-3p
CLDN11	hsa-miR-6828-5p
CLUH	hsa-miR-6776-3p
CLUH	hsa-miR-6776-5p
CLYBL	hsa-miR-4306
CMIP	hsa-miR-6504-3p
CMIP	hsa-miR-6504-5p
CMIP	hsa-miR-7854-3p
CNNM4	hsa-miR-3127-3p
CNNM4	hsa-miR-3127-5p
COL17A1	hsa-miR-936
COL18A1	hsa-miR-6815-3p
COL18A1	hsa-miR-6815-5p
COL27A1	hsa-miR-455-3p
COL27A1	hsa-miR-455-5p
COL3A1	hsa-miR-1245a
COL3A1	hsa-miR-3606-3p
COL3A1	hsa-miR-3606-5p
COL4A2	hsa-miR-8073
COL5A2	hsa-miR-3129-3p
COL5A2	hsa-miR-3129-5p
COL7A1	hsa-miR-711
COLQ	hsa-miR-4270
COMMD10	hsa-miR-12130
COMT	hsa-miR-4761-3p
COMT	hsa-miR-4761-5p
COP1	hsa-miR-1843
COPG1	hsa-miR-6826-3p
COPG1	hsa-miR-6826-5p
COPZ1	hsa-miR-148b-3p
COPZ1	hsa-miR-148b-5p
COPZ2	hsa-miR-152-3p
COPZ2	hsa-miR-152-5p
CPE	hsa-miR-578
CPNE4	hsa-miR-5704
CREB3	hsa-miR-6853-3p
CREB3	hsa-miR-6853-5p
CRTAC1	hsa-miR-3085-3p
CRTAC1	hsa-miR-3085-5p
CRYGN	hsa-miR-3907
CRYL1	hsa-miR-4499
CSF2RA	hsa-miR-3690
CTBP2	hsa-miR-4296
CTDSP1	hsa-miR-26b-3p
CTDSP1	hsa-miR-26b-5p
CTDSP2	hsa-miR-26a-2-3p
CTDSP2	hsa-miR-26a-5p
CTDSPL	hsa-miR-26a-1-3p
CTDSPL	hsa-miR-26a-5p
CTIF	hsa-miR-4743-3p
CTIF	hsa-miR-4743-5p
CTNNA3	hsa-miR-7151-3p
CTNNA3	hsa-miR-7151-5p
CTPS2	hsa-miR-548am-3p
CTPS2	hsa-miR-548am-5p
CUL2	hsa-miR-3611
CUL4A	hsa-miR-8075
CUX2	hsa-miR-6760-3p
CUX2	hsa-miR-6760-5p
CYLD	hsa-miR-3181
CYP19A1	hsa-miR-7973
DALRD3	hsa-miR-191-3p
DALRD3	hsa-miR-191-5p
DALRD3	hsa-miR-425-3p
DALRD3	hsa-miR-425-5p
DCAF6	hsa-miR-1255b-2-3p
DCAF6	hsa-miR-1255b-5p
DCC	hsa-miR-4528
DDIT3	hsa-miR-616-3p
DDIT3	hsa-miR-616-5p
DDX52	hsa-miR-378j
DDX54	hsa-miR-7106-3p
DDX54	hsa-miR-7106-5p
DENND1A	hsa-miR-601
DENND1A	hsa-miR-7150
DENND4A	hsa-miR-4511
DGAT1	hsa-miR-6848-3p
DGAT1	hsa-miR-6848-5p
DGKZ	hsa-miR-4688
DHRS3	hsa-miR-6730-3p
DHRS3	hsa-miR-6730-5p
DHX15	hsa-miR-573
DHX30	hsa-miR-1226-3p
DHX30	hsa-miR-1226-5p
DICER1	hsa-miR-3173-3p
DICER1	hsa-miR-3173-5p
DIP2C	hsa-miR-5699-3p
DIP2C	hsa-miR-5699-5p
DIS3L2	hsa-miR-562
DLG1	hsa-miR-4797-3p
DLG1	hsa-miR-4797-5p
DMD	hsa-miR-3915
DMD	hsa-miR-548f-3p
DMXL1	hsa-miR-5706
DNAJC5	hsa-miR-941
DNM2	hsa-miR-4748
DNM2	hsa-miR-638
DNM2	hsa-miR-6793-3p
DNM2	hsa-miR-6793-5p
DNM3	hsa-miR-3120-3p
DNM3	hsa-miR-3120-5p
DNMT3A	hsa-miR-1301-3p
DNMT3A	hsa-miR-1301-5p
DOCK10	hsa-miR-4439
DOCK2	hsa-miR-378e
DOCK5	hsa-miR-6876-3p
DOCK5	hsa-miR-6876-5p
DPCD	hsa-miR-3158-3p
DPCD	hsa-miR-3158-5p
DPH6	hsa-miR-3942-3p
DPH6	hsa-miR-3942-5p
DPY19L1	hsa-miR-548n
DRD2	hsa-miR-4301
DSCAM	hsa-miR-4760-3p
DSCAM	hsa-miR-4760-5p
DTL	hsa-miR-3122
DYM	hsa-miR-4744
DYRK1B	hsa-miR-6719-3p
EBF3	hsa-miR-4297
ECHS1	hsa-miR-3944-3p
ECHS1	hsa-miR-3944-5p
ECM2	hsa-miR-4670-3p
ECM2	hsa-miR-4670-5p
EDA	hsa-miR-676-3p
EDA	hsa-miR-676-5p
EEF1G	hsa-miR-6747-3p
EEF1G	hsa-miR-6747-5p
EGFL6	hsa-miR-6086
EGFL7	hsa-miR-126-3p
EGFL7	hsa-miR-126-5p
EHHADH	hsa-miR-5588-3p
EHHADH	hsa-miR-5588-5p
EHMT1	hsa-miR-602
EIF3C	hsa-miR-6862-3p
EIF3C	hsa-miR-6862-5p
EIF3CL	hsa-miR-6862-3p
EIF3CL	hsa-miR-6862-5p
EIF4G3	hsa-miR-1256
EIF4H	hsa-miR-590-3p
EIF4H	hsa-miR-590-5p
ELMO1	hsa-miR-1200
ENDOV	hsa-miR-4730
ENO1	hsa-miR-6728-3p
ENO1	hsa-miR-6728-5p
EPCAM	hsa-miR-559
EPHB2	hsa-miR-4684-3p
EPHB2	hsa-miR-4684-5p
ERBB2	hsa-miR-4728-3p
ERBB2	hsa-miR-4728-5p
ERBB4	hsa-miR-548f-3p
ERC2	hsa-miR-3938
ERI1	hsa-miR-4660
ESR2	hsa-miR-548h-5p
EVL	hsa-miR-342-3p
EVL	hsa-miR-342-5p
EXOC4	hsa-miR-6133
EXOC7	hsa-miR-6868-3p
EXOC7	hsa-miR-6868-5p
EYA2	hsa-miR-3616-3p
EYA2	hsa-miR-3616-5p
EZH1	hsa-miR-6780a-3p
EZH1	hsa-miR-6780a-5p
F13A1	hsa-miR-7853-5p
F8	hsa-miR-1184
FADS3	hsa-miR-6746-3p
FADS3	hsa-miR-6746-5p
FAM114A1	hsa-miR-574-3p
FAM114A1	hsa-miR-574-5p
FAM120B	hsa-miR-4644
FAM155A	hsa-miR-1267
FAM163A	hsa-miR-12116
FAM184A	hsa-miR-548b-3p
FAM184A	hsa-miR-548b-5p
FAM49B	hsa-miR-5194
FAM50A	hsa-miR-6858-3p
FAM50A	hsa-miR-6858-5p
FAM78B	hsa-miR-921
FAM83H	hsa-miR-4664-3p
FAM83H	hsa-miR-4664-5p
FARP1	hsa-miR-3170
FARP2	hsa-miR-3133
FASTKD2	hsa-miR-3130-3p
FASTKD2	hsa-miR-3130-5p
FAT2	hsa-miR-6499-3p
FAT2	hsa-miR-6499-5p
FBRSL1	hsa-miR-6763-3p
FBRSL1	hsa-miR-6763-5p
FBXL18	hsa-miR-589-3p
FBXL18	hsa-miR-589-5p
FBXL7	hsa-miR-887-3p
FBXL7	hsa-miR-887-5p
FBXW7	hsa-miR-3140-3p
FBXW7	hsa-miR-3140-5p
FGF13	hsa-miR-504-3p
FGF13	hsa-miR-504-5p
FGF14	hsa-miR-2681-3p
FGF14	hsa-miR-2681-5p
FGF14	hsa-miR-4705
FHIT	hsa-miR-548bb-3p
FHIT	hsa-miR-548bb-5p
FILIP1L	hsa-miR-3921
FKBP5	hsa-miR-5690
FMO3	hsa-miR-1295b-3p
FMO3	hsa-miR-1295b-5p
FNTB	hsa-miR-4706
FOCAD	hsa-miR-491-3p
FOCAD	hsa-miR-491-5p
FOXP1	hsa-miR-1284
FOXP2	hsa-miR-3666
FOXP4	hsa-miR-4641
FRMD4A	hsa-miR-4293
FSTL4	hsa-miR-1289
FUBP3	hsa-miR-6856-3p
FUBP3	hsa-miR-6856-5p
FUT8	hsa-miR-625-3p
FUT8	hsa-miR-625-5p
GAB1	hsa-miR-3139
GABRA3	hsa-miR-105-3p
GABRA3	hsa-miR-105-5p
GABRA3	hsa-miR-767-3p
GABRA3	hsa-miR-767-5p
GALNT10	hsa-miR-1294
GALNT17	hsa-miR-3914
GALNT1	hsa-miR-3975
GALNT7	hsa-miR-548t-3p
GALNT7	hsa-miR-548t-5p
GATAD2A	hsa-miR-640
GCH1	hsa-miR-4308
GCN1	hsa-miR-4498
GDF15	hsa-miR-3189-3p
GDF15	hsa-miR-3189-5p
GDF5	hsa-miR-1289
GFI1B	hsa-miR-548aw
GIPR	hsa-miR-642a-3p
GIPR	hsa-miR-642a-5p
GLP1R	hsa-miR-9983-3p
GNAI2	hsa-miR-5787
GNAO1	hsa-miR-3935
GNGT1	hsa-miR-4652-3p
GNGT1	hsa-miR-4652-5p
GOLGA8A	hsa-miR-1233-3p
GOLGA8A	hsa-miR-1233-5p
GOLGA8B	hsa-miR-1233-3p
GOLGA8B	hsa-miR-1233-5p
GOSR2	hsa-miR-5089-3p
GOSR2	hsa-miR-5089-5p
GPC1	hsa-miR-149-3p
GPC1	hsa-miR-149-5p
GPC5	hsa-miR-548as-3p
GPC5	hsa-miR-548as-5p
GPR39	hsa-miR-9986
GRID1	hsa-miR-346
GRK5	hsa-miR-4681
GRM8	hsa-miR-592
GSE1	hsa-miR-12128
GSK3B	hsa-miR-6529-3p
GSK3B	hsa-miR-6529-5p
GTF2F1	hsa-miR-6790-3p
GTF2F1	hsa-miR-6790-5p
GTF2F1	hsa-miR-6885-3p
GTF2F1	hsa-miR-6885-5p
GTF2IRD1	hsa-miR-10525-3p
GTF3C5	hsa-miR-6877-3p
GTF3C5	hsa-miR-6877-5p
GULP1	hsa-miR-561-3p
GULP1	hsa-miR-561-5p
HBS1L	hsa-miR-3662
HDAC4	hsa-miR-2467-3p
HDAC4	hsa-miR-2467-5p
HDAC4	hsa-miR-4440
HDAC4	hsa-miR-4441
HECTD4	hsa-miR-6861-3p
HECTD4	hsa-miR-6861-5p
HECW1	hsa-miR-3943
HGS	hsa-miR-6786-3p
HGS	hsa-miR-6786-5p
HLA-B	hsa-miR-6891-3p
HLA-B	hsa-miR-6891-5p
HMGA1	hsa-miR-6835-3p
HMGA1	hsa-miR-6835-5p
HNF4A	hsa-miR-3646
HOXB3	hsa-miR-10a-3p
HOXB3	hsa-miR-10a-5p
HOXB7	hsa-miR-196a-1-3p
HOXB7	hsa-miR-196a-5p
HOXC4	hsa-miR-615-3p
HOXC4	hsa-miR-615-5p
HOXC5	hsa-miR-615-3p
HOXC5	hsa-miR-615-5p
HOXC6	hsa-miR-196a-3p
HOXC6	hsa-miR-196a-5p
HOXD3	hsa-miR-10b-3p
HOXD3	hsa-miR-10b-5p
HPS1	hsa-miR-4685-3p
HPS1	hsa-miR-4685-5p
HPSE2	hsa-miR-6507-3p
HPSE2	hsa-miR-6507-5p
HS3ST3A1	hsa-miR-548h-5p
HS3ST4	hsa-miR-548w
HS6ST3	hsa-miR-4501
HSF2BP	hsa-miR-6070
HSPA12A	hsa-miR-9851-3p
HSPA12A	hsa-miR-9851-5p
HTR2C	hsa-miR-1264
HTR2C	hsa-miR-1298-3p
HTR2C	hsa-miR-1298-5p
HTR2C	hsa-miR-1911-3p
HTR2C	hsa-miR-1911-5p
HTR2C	hsa-miR-1912-3p
HTR2C	hsa-miR-1912-5p
HTR2C	hsa-miR-448
HTR2C	hsa-miR-764
HUWE1	hsa-let-7f-2-3p
HUWE1	hsa-let-7f-5p
HUWE1	hsa-miR-98-3p
HUWE1	hsa-miR-98-5p
IARS	hsa-miR-3651
IGF1R	hsa-miR-4714-3p
IGF1R	hsa-miR-4714-5p
IGF2BP2	hsa-miR-548aq-3p
IGF2BP2	hsa-miR-548aq-5p
IGF2	hsa-miR-483-3p
IGF2	hsa-miR-483-5p
IGLV2-8	hsa-miR-650
IHH	hsa-miR-3131
IKBKE	hsa-miR-6769b-3p
IKBKE	hsa-miR-6769b-5p
IK	hsa-miR-3655
IL18RAP	hsa-miR-4772-3p
IL18RAP	hsa-miR-4772-5p
IL1RAPL1	hsa-miR-4666b
IMMT	hsa-miR-4779
INS-IGF2	hsa-miR-483-3p
INS-IGF2	hsa-miR-483-5p
IPO9	hsa-miR-6739-3p
IPO9	hsa-miR-6739-5p
IQCJ-SCHIP1	hsa-miR-3919
IRF8	hsa-miR-6774-3p
IRF8	hsa-miR-6774-5p
ISOC1	hsa-miR-4633-3p
ISOC1	hsa-miR-4633-5p
ITCH	hsa-miR-644a
ITGAL	hsa-miR-4518
JAG1	hsa-miR-6870-3p
JAG1	hsa-miR-6870-5p
JAG2	hsa-miR-6765-3p
JAG2	hsa-miR-6765-5p
JMJD1C	hsa-miR-1296-3p
JMJD1C	hsa-miR-1296-5p
KALRN	hsa-miR-5002-3p
KALRN	hsa-miR-5002-5p
KALRN	hsa-miR-6083
KANSL2	hsa-miR-1291
KAT2B	hsa-miR-3135a
KCNIP4	hsa-miR-7978
KCNK1	hsa-miR-4427
KCNT2	hsa-miR-4735-3p
KCNT2	hsa-miR-4735-5p
KCTD1	hsa-miR-8057
KDM1A	hsa-miR-3115
KDM2B	hsa-miR-7107-3p
KDM2B	hsa-miR-7107-5p
KDM5C	hsa-miR-6894-3p
KDM5C	hsa-miR-6894-5p
KDM5C	hsa-miR-6895-3p
KDM5C	hsa-miR-6895-5p
KHSRP	hsa-miR-3940-3p
KHSRP	hsa-miR-3940-5p
KIAA0930	hsa-miR-1249-3p
KIAA0930	hsa-miR-1249-5p
KIAA1217	hsa-miR-603
KIF15	hsa-miR-564
KIF18B	hsa-miR-6783-3p
KIF18B	hsa-miR-6783-5p
KIFC3	hsa-miR-6772-3p
KIFC3	hsa-miR-6772-5p
KIRREL3	hsa-miR-3167
KLB	hsa-miR-5591-3p
KLB	hsa-miR-5591-5p
KLF7	hsa-miR-2355-3p
KLF7	hsa-miR-2355-5p
KLHL25	hsa-miR-1276
KLHL3	hsa-miR-874-3p
KLHL3	hsa-miR-874-5p
KRIT1	hsa-miR-1285-3p
KRIT1	hsa-miR-1285-5p
KRT15	hsa-miR-6510-3p
KRT15	hsa-miR-6510-5p
KRT8	hsa-miR-9898
L2HGDH	hsa-miR-4504
L3MBTL4	hsa-miR-4317
LAMA5	hsa-miR-4758-3p
LAMA5	hsa-miR-4758-5p
LAMB3	hsa-miR-4260
LAPTM5	hsa-miR-4420
LARGE1	hsa-miR-4764-3p
LARGE1	hsa-miR-4764-5p
LASP1	hsa-miR-6779-3p
LASP1	hsa-miR-6779-5p
LCN6	hsa-miR-6722-3p
LCN6	hsa-miR-6722-5p
LDLRAD3	hsa-miR-3973
LDLRAD4	hsa-miR-4526
LDLRAD4	hsa-miR-5190
LDLR	hsa-miR-6886-3p
LDLR	hsa-miR-6886-5p
LEMD1	hsa-miR-135b-3p
LEMD1	hsa-miR-135b-5p
LFNG	hsa-miR-4648
LIFR	hsa-miR-3650
LILRB4	hsa-miR-8061
LIMA1	hsa-miR-1293
LIN7A	hsa-miR-617
LIN7A	hsa-miR-618
LMBRD2	hsa-miR-580-3p
LMBRD2	hsa-miR-580-5p
LMNB2	hsa-miR-7108-3p
LMNB2	hsa-miR-7108-5p
LONRF1	hsa-miR-3926
LPCAT1	hsa-miR-6075
LPIN1	hsa-miR-548s
LPP	hsa-miR-28-3p
LPP	hsa-miR-28-5p
LRMDA	hsa-miR-606
LRP1B	hsa-miR-7157-3p
LRP1B	hsa-miR-7157-5p
LRP1	hsa-miR-1228-3p
LRP1	hsa-miR-1228-5p
LRRC26	hsa-miR-3621
LRRC69	hsa-miR-4661-3p
LRRC69	hsa-miR-4661-5p
LSAMP	hsa-miR-4447
LSP1	hsa-miR-7847-3p
LYRM4	hsa-miR-3691-3p
LYRM4	hsa-miR-3691-5p
LYST	hsa-miR-1537-3p
LYST	hsa-miR-1537-5p
MAD1L1	hsa-miR-4655-3p
MAD1L1	hsa-miR-4655-5p
MALL	hsa-miR-4436b-3p
MALL	hsa-miR-4436b-5p
MAP11	hsa-miR-4658
MAP1B	hsa-miR-4803
MAP2K4	hsa-miR-744-3p
MAP2K4	hsa-miR-744-5p
MAP7D2	hsa-miR-23c
MAPK10	hsa-miR-4452
MAPK8IP3	hsa-miR-3177-3p
MAPK8IP3	hsa-miR-3177-5p
MARCH6	hsa-miR-10397-3p
MARCH6	hsa-miR-10397-5p
MAST1	hsa-miR-6794-3p
MAST1	hsa-miR-6794-5p
MCM7	hsa-miR-106b-3p
MCM7	hsa-miR-106b-5p
MCM7	hsa-miR-25-3p
MCM7	hsa-miR-25-5p
MCM7	hsa-miR-93-3p
MCM7	hsa-miR-93-5p
MCU	hsa-miR-4676-3p
MCU	hsa-miR-4676-5p
MEAF6	hsa-miR-5581-3p
MEAF6	hsa-miR-5581-5p
MED13L	hsa-miR-620
MEGF6	hsa-miR-551a
MEGF8	hsa-miR-8077
MEIS2	hsa-miR-8063
MEST	hsa-miR-335-3p
MEST	hsa-miR-335-5p
METAP1	hsa-miR-3684
METTL11B	hsa-miR-3119
MGA	hsa-miR-626
MGAT4B	hsa-miR-1229-3p
MGAT4B	hsa-miR-1229-5p
MGAT4C	hsa-miR-3059-3p
MGAT4C	hsa-miR-3059-5p
MGAT5	hsa-miR-3679-3p
MGAT5	hsa-miR-3679-5p
MGRN1	hsa-miR-6769a-3p
MGRN1	hsa-miR-6769a-5p
MICAL2	hsa-miR-6124
MICAL3	hsa-miR-648
MIIP	hsa-miR-6729-3p
MIIP	hsa-miR-6729-5p
MLLT3	hsa-miR-4473
MLLT3	hsa-miR-4474-3p
MLLT3	hsa-miR-4474-5p
MLLT6	hsa-miR-4726-3p
MLLT6	hsa-miR-4726-5p
MLPH	hsa-miR-6811-3p
MLPH	hsa-miR-6811-5p
MPP7	hsa-miR-8086
MRC1	hsa-miR-511-3p
MRC1	hsa-miR-511-5p
MRE11	hsa-miR-548l
MS4A4E	hsa-miR-6503-3p
MS4A4E	hsa-miR-6503-5p
MTMR3	hsa-miR-6818-3p
MTMR3	hsa-miR-6818-5p
MTPAP	hsa-miR-7162-3p
MTPAP	hsa-miR-7162-5p
MTUS1	hsa-miR-548v
MUC5B	hsa-miR-6744-3p
MUC5B	hsa-miR-6744-5p
MYH6	hsa-miR-208a-3p
MYH6	hsa-miR-208a-5p
MYH7B	hsa-miR-499a-3p
MYH7B	hsa-miR-499a-5p
MYH7	hsa-miR-208b-3p
MYH7	hsa-miR-208b-5p
MYH9	hsa-miR-6819-3p
MYH9	hsa-miR-6819-5p
MYLIP	hsa-miR-4639-3p
MYLIP	hsa-miR-4639-5p
MYO1E	hsa-miR-2116-3p
MYO1E	hsa-miR-2116-5p
MYO5B	hsa-miR-4320
MYO5C	hsa-miR-1266-3p
MYO5C	hsa-miR-1266-5p
MYOM2	hsa-miR-7160-3p
MYOM2	hsa-miR-7160-5p
NAA25	hsa-miR-3657
NAALADL2	hsa-miR-4789-3p
NAALADL2	hsa-miR-4789-5p
NADSYN1	hsa-miR-6754-3p
NADSYN1	hsa-miR-6754-5p
NANOS3	hsa-miR-181c-3p
NANOS3	hsa-miR-181c-5p
NANOS3	hsa-miR-181d-3p
NANOS3	hsa-miR-181d-5p
NAV1	hsa-miR-1231
NAV1	hsa-miR-5191
NAV2	hsa-miR-4486
NCOR2	hsa-miR-6880-3p
NCOR2	hsa-miR-6880-5p
NDUFA10	hsa-miR-4786-3p
NDUFA10	hsa-miR-4786-5p
NDUFAF6	hsa-miR-3150a-3p
NDUFAF6	hsa-miR-3150a-5p
NEFL	hsa-miR-6841-3p
NEFL	hsa-miR-6841-5p
NEO1	hsa-miR-12135
NETO1	hsa-miR-548av-3p
NETO1	hsa-miR-548av-5p
NEURL1B	hsa-miR-5003-3p
NEURL1B	hsa-miR-5003-5p
NFATC2	hsa-miR-3194-3p
NFATC2	hsa-miR-3194-5p
NFE2L2	hsa-miR-3128
NFE2L2	hsa-miR-6512-3p
NFE2L2	hsa-miR-6512-5p
NFYC	hsa-miR-30c-1-3p
NFYC	hsa-miR-30c-5p
NFYC	hsa-miR-30e-3p
NFYC	hsa-miR-30e-5p
NGFR	hsa-miR-6165
NHS	hsa-miR-4768-3p
NHS	hsa-miR-4768-5p
NHSL1	hsa-miR-3145-3p
NHSL1	hsa-miR-3145-5p
NMNAT1	hsa-miR-5697
NOL6	hsa-miR-6851-3p
NOL6	hsa-miR-6851-5p
NOMO2	hsa-miR-3179
NOMO2	hsa-miR-3670
NOS1AP	hsa-miR-4654
NOS1AP	hsa-miR-556-3p
NOS1AP	hsa-miR-556-5p
NOTCH1	hsa-miR-4673
NOTCH3	hsa-miR-6795-3p
NOTCH3	hsa-miR-6795-5p
NPIPA1	hsa-miR-6511a-3p
NPIPA1	hsa-miR-6511a-5p
NPIPA1	hsa-miR-6770-3p
NPIPA1	hsa-miR-6770-5p
NRDC	hsa-miR-761
NRXN1	hsa-miR-8485
NTRK3	hsa-miR-11181-3p
NTRK3	hsa-miR-11181-5p
NUMA1	hsa-miR-3165
NUP210L	hsa-miR-5698
NVL	hsa-miR-320b
NXF1	hsa-miR-6514-3p
NXF1	hsa-miR-6514-5p
ODF2L	hsa-miR-7856-5p
OPLAH	hsa-miR-6846-3p
OPLAH	hsa-miR-6846-5p
OSBP2	hsa-miR-3200-3p
OSBP2	hsa-miR-3200-5p
OSBP	hsa-miR-3162-3p
OSBP	hsa-miR-3162-5p
P4HA2	hsa-miR-6830-3p
P4HA2	hsa-miR-6830-5p
PACSIN3	hsa-miR-6745
PADI3	hsa-miR-3972
PANK1	hsa-miR-107
PANK2	hsa-miR-103a-2-5p
PANK2	hsa-miR-103a-3p
PANK3	hsa-miR-103a-1-5p
PANK3	hsa-miR-103a-3p
PATJ	hsa-miR-12132
PATJ	hsa-miR-3116
PAX5	hsa-miR-4476
PAX5	hsa-miR-4540
PCDH15	hsa-miR-548f-3p
PCDH15	hsa-miR-548f-5p
PCED1B	hsa-miR-4698
PC	hsa-miR-3163
PCNX3	hsa-miR-4690-3p
PCNX3	hsa-miR-4690-5p
PDE2A	hsa-miR-139-3p
PDE2A	hsa-miR-139-5p
PDE4D	hsa-miR-582-3p
PDE4D	hsa-miR-582-5p
PDHX	hsa-miR-1343-3p
PDHX	hsa-miR-1343-5p
PFKFB3	hsa-miR-3155a
PFKFB4	hsa-miR-6823-3p
PFKFB4	hsa-miR-6823-5p
PFKM	hsa-miR-6505-3p
PFKM	hsa-miR-6505-5p
PHC2	hsa-miR-3605-3p
PHC2	hsa-miR-3605-5p
PHF2	hsa-miR-548au-3p
PHF2	hsa-miR-548au-5p
PIAS3	hsa-miR-6736-3p
PIAS3	hsa-miR-6736-5p
PIEZO1	hsa-miR-4722-3p
PIEZO1	hsa-miR-4722-5p
PIEZO2	hsa-miR-6788-3p
PIEZO2	hsa-miR-6788-5p
PIGL	hsa-miR-1288-3p
PIGL	hsa-miR-1288-5p
PIGT	hsa-miR-6812-3p
PIGT	hsa-miR-6812-5p
PIM3	hsa-miR-6821-3p
PIM3	hsa-miR-6821-5p
PINX1	hsa-miR-1322
PITPNC1	hsa-miR-548aa
PITPNM2	hsa-miR-4304
PKD1	hsa-miR-1225-3p
PKD1	hsa-miR-1225-5p
PKD1	hsa-miR-6511b-3p
PKD1	hsa-miR-6511b-5p
PLCD3	hsa-miR-6784-3p
PLCD3	hsa-miR-6784-5p
PLCG1	hsa-miR-6871-3p
PLCG1	hsa-miR-6871-5p
PLD3	hsa-miR-6796-3p
PLD3	hsa-miR-6796-5p
PLEC	hsa-miR-661
PLEKHA1	hsa-miR-3941
PLEKHJ1	hsa-miR-1227-3p
PLEKHJ1	hsa-miR-1227-5p
PLPP1	hsa-miR-5687
PMP22	hsa-miR-4731-3p
PMP22	hsa-miR-4731-5p
PNKD	hsa-miR-6810-3p
PNKD	hsa-miR-6810-5p
POLG	hsa-miR-6766-3p
POLG	hsa-miR-6766-5p
POLM	hsa-miR-6838-3p
POLM	hsa-miR-6838-5p
POLR2F	hsa-miR-4534
POLR2F	hsa-miR-6820-3p
POLR2F	hsa-miR-6820-5p
POLR3F	hsa-miR-3192-3p
POLR3F	hsa-miR-3192-5p
POU2F2	hsa-miR-4323
PPARGC1B	hsa-miR-378a-3p
PPARGC1B	hsa-miR-378a-5p
PPFIA1	hsa-miR-548k
PPP2R1A	hsa-miR-6801-3p
PPP2R1A	hsa-miR-6801-5p
PPP3CA	hsa-miR-1255a
PPP3CA	hsa-miR-8066
PPP6R1	hsa-miR-6802-3p
PPP6R1	hsa-miR-6802-5p
PPP6R1	hsa-miR-6803-3p
PPP6R1	hsa-miR-6803-5p
PPP6R1	hsa-miR-6804-3p
PPP6R1	hsa-miR-6804-5p
PPP6R2	hsa-miR-12114
PRDM16	hsa-miR-4251
PRIM2	hsa-miR-548u
PRKCA	hsa-miR-634
PRKCB	hsa-miR-1273h-3p
PRKCB	hsa-miR-1273h-5p
PRKD2	hsa-miR-320e
PRKG1	hsa-miR-605-3p
PRKG1	hsa-miR-605-5p
PRMT1	hsa-miR-5088-3p
PRMT1	hsa-miR-5088-5p
PRRC2A	hsa-miR-6832-3p
PRRC2A	hsa-miR-6832-5p
PTK2B	hsa-miR-6842-3p
PTK2B	hsa-miR-6842-5p
PTK2	hsa-miR-151a-3p
PTK2	hsa-miR-151a-5p
PTOV1	hsa-miR-4749-3p
PTOV1	hsa-miR-4749-5p
PTPRJ	hsa-miR-3161
PTPRN2	hsa-miR-153-3p
PTPRN2	hsa-miR-153-5p
PTPRN2	hsa-miR-595
PTPRN	hsa-miR-153-3p
PYROXD2	hsa-miR-1287-3p
PYROXD2	hsa-miR-1287-5p
R3HDM1	hsa-miR-128-1-5p
R3HDM1	hsa-miR-128-3p
RAB3GAP2	hsa-miR-664a-3p
RAB3GAP2	hsa-miR-664a-5p
RAB40B	hsa-miR-4525
RABL6	hsa-miR-4292
RADX	hsa-miR-548an
RALGAPB	hsa-miR-548o-3p
RALGAPB	hsa-miR-548o-5p
RALY	hsa-miR-4755-3p
RALY	hsa-miR-4755-5p
RANGAP1	hsa-miR-6889-3p
RANGAP1	hsa-miR-6889-5p
RAPGEF2	hsa-miR-3688-3p
RAPGEF2	hsa-miR-3688-5p
RAPGEFL1	hsa-miR-6867-3p
RAPGEFL1	hsa-miR-6867-5p
RASSF3	hsa-miR-548c-3p
RASSF3	hsa-miR-548c-5p
RBFOX1	hsa-miR-8065
RBM47	hsa-miR-4802-3p
RBM47	hsa-miR-4802-5p
RBPMS2	hsa-miR-1272
RCL1	hsa-miR-101-2-5p
RCL1	hsa-miR-101-3p
RGS19	hsa-miR-6813-3p
RGS19	hsa-miR-6813-5p
RGS6	hsa-miR-7843-3p
RGS6	hsa-miR-7843-5p
RIPK4	hsa-miR-6814-3p
RIPK4	hsa-miR-6814-5p
RIPOR3	hsa-miR-1302
RNF130	hsa-miR-340-3p
RNF130	hsa-miR-340-5p
RNF170	hsa-miR-4469
RNF216	hsa-miR-6874-3p
RNF216	hsa-miR-6874-5p
RNF220	hsa-miR-5584-3p
RNF220	hsa-miR-5584-5p
RNF5	hsa-miR-6833-3p
RNF5	hsa-miR-6833-5p
RNPEP	hsa-miR-6740-3p
RNPEP	hsa-miR-6740-5p
ROR2	hsa-miR-3910
RPL10A	hsa-miR-7111-3p
RPL10A	hsa-miR-7111-5p
RPL8	hsa-miR-6850-3p
RPL8	hsa-miR-6850-5p
RPS19	hsa-miR-6797-3p
RPS19	hsa-miR-6797-5p
RPS6KA1	hsa-miR-1976
RPS6KA2	hsa-miR-1913
RPS6KA4	hsa-miR-1237-3p
RPS6KA4	hsa-miR-1237-5p
RTCA	hsa-miR-553
RTN1	hsa-miR-5586-3p
RTN1	hsa-miR-5586-5p
RTN4R	hsa-miR-1286
RUNX3	hsa-miR-6731-3p
RUNX3	hsa-miR-6731-5p
RUVBL2	hsa-miR-6798-3p
RUVBL2	hsa-miR-6798-5p
RXRA	hsa-miR-4669
RYR2	hsa-miR-4428
SCARA5	hsa-miR-4287
SCD5	hsa-miR-575
SCRIB	hsa-miR-937-3p
SCRIB	hsa-miR-937-5p
SCUBE2	hsa-miR-5691
SDCCAG8	hsa-miR-4677-3p
SDCCAG8	hsa-miR-4677-5p
SEC14L1	hsa-miR-6516-3p
SEC14L1	hsa-miR-6516-5p
SEC24B	hsa-miR-576-3p
SEC24B	hsa-miR-576-5p
SEMA4G	hsa-miR-608
SEMA5A	hsa-miR-4636
SEMA7A	hsa-miR-6881-3p
SEMA7A	hsa-miR-6881-5p
SEPT6	hsa-miR-766-3p
SEPT6	hsa-miR-766-5p
SFRP1	hsa-miR-548ao-3p
SFRP1	hsa-miR-548ao-5p
SGCZ	hsa-miR-383-3p
SGCZ	hsa-miR-383-5p
SGIP1	hsa-miR-3117-3p
SGIP1	hsa-miR-3117-5p
SH2B2	hsa-miR-4285
SH3BGR	hsa-miR-6508-3p
SH3BGR	hsa-miR-6508-5p
SH3TC2	hsa-miR-584-3p
SH3TC2	hsa-miR-584-5p
SHANK2	hsa-miR-3664-3p
SHANK2	hsa-miR-3664-5p
SHOC2	hsa-miR-548e-3p
SHOC2	hsa-miR-548e-5p
SHROOM3	hsa-miR-4450
SHROOM3	hsa-miR-548ah-3p
SHROOM3	hsa-miR-548ah-5p
SIDT1	hsa-miR-4446-3p
SIDT1	hsa-miR-4446-5p
SIPA1	hsa-miR-4489
SKA2	hsa-miR-301a-3p
SKA2	hsa-miR-301a-5p
SKA2	hsa-miR-454-3p
SKA2	hsa-miR-454-5p
SKAP1	hsa-miR-1203
SLA	hsa-miR-7848-3p
SLC12A3	hsa-miR-6863
SLC12A7	hsa-miR-4635
SLC12A8	hsa-miR-5092
SLC25A13	hsa-miR-591
SLC25A17	hsa-miR-4766-3p
SLC25A17	hsa-miR-4766-5p
SLC25A21	hsa-miR-4503
SLC35F3	hsa-miR-4671-3p
SLC35F3	hsa-miR-4671-5p
SLC35F5	hsa-miR-4782-3p
SLC35F5	hsa-miR-4782-5p
SLC39A1	hsa-miR-6737-3p
SLC39A1	hsa-miR-6737-5p
SLC6A16	hsa-miR-4324
SLC7A5	hsa-miR-6775-3p
SLC7A5	hsa-miR-6775-5p
SLC9A8	hsa-miR-12122
SLIT2	hsa-miR-218-1-3p
SLIT2	hsa-miR-218-5p
SLIT3	hsa-miR-218-2-3p
SLIT3	hsa-miR-218-5p
SLIT3	hsa-miR-585-3p
SLIT3	hsa-miR-585-5p
SMC1A	hsa-miR-6857-3p
SMC1A	hsa-miR-6857-5p
SMC4	hsa-miR-15b-3p
SMC4	hsa-miR-15b-5p
SMC4	hsa-miR-16-2-3p
SMC4	hsa-miR-16-5p
SNAPC5	hsa-miR-4512
SNCB	hsa-miR-4281
SND1	hsa-miR-593-3p
SND1	hsa-miR-593-5p
SORCS2	hsa-miR-4274
SORCS2	hsa-miR-4798-3p
SORCS2	hsa-miR-4798-5p
SP4	hsa-miR-1183
SPACA6	hsa-let-7e-3p
SPACA6	hsa-let-7e-5p
SPACA6	hsa-miR-125a-3p
SPACA6	hsa-miR-125a-5p
SPACA6	hsa-miR-99b-3p
SPACA6	hsa-miR-99b-5p
SPAG16	hsa-miR-4438
SPATA13	hsa-miR-2276-3p
SPATA13	hsa-miR-2276-5p
SPINK8	hsa-miR-2115-3p
SPINK8	hsa-miR-2115-5p
SPTB	hsa-miR-7855-5p
SPTBN5	hsa-miR-4310
SREBF1	hsa-miR-33b-3p
SREBF1	hsa-miR-33b-5p
SREBF1	hsa-miR-6777-3p
SREBF1	hsa-miR-6777-5p
SREBF2	hsa-miR-33a-3p
SREBF2	hsa-miR-33a-5p
SSH1	hsa-miR-619-3p
SSH1	hsa-miR-619-5p
ST6GALNAC5	hsa-miR-7156-3p
ST6GALNAC5	hsa-miR-7156-5p
ST8SIA4	hsa-miR-548p
STIMATE	hsa-miR-8064
STIMATE-MUSTN1	hsa-miR-8064
STK3	hsa-miR-9903
STMN1	hsa-miR-3917
STRBP	hsa-miR-600
STRN3	hsa-miR-624-3p
STRN3	hsa-miR-624-5p
STS	hsa-miR-4767
STXBP5L	hsa-miR-5682
SUPT3H	hsa-miR-586
SVIL	hsa-miR-604
SVIL	hsa-miR-938
SYNGAP1	hsa-miR-5004-3p
SYNGAP1	hsa-miR-5004-5p
SYT12	hsa-miR-6860
SYT1	hsa-miR-1252-3p
SYT1	hsa-miR-1252-5p
SZT2	hsa-miR-6735-3p
SZT2	hsa-miR-6735-5p
TAFA5	hsa-miR-4535
TANC1	hsa-miR-6888-3p
TANC1	hsa-miR-6888-5p
TANGO2	hsa-miR-185-3p
TANGO2	hsa-miR-185-5p
TATDN1	hsa-miR-6844
TBC1D2	hsa-miR-6854-3p
TBC1D2	hsa-miR-6854-5p
TCEANC2	hsa-miR-4781-3p
TCEANC2	hsa-miR-4781-5p
TCIRG1	hsa-miR-6753-3p
TCIRG1	hsa-miR-6753-5p
TECR	hsa-miR-639
TECTB	hsa-miR-6715a-3p
TEDC2	hsa-miR-6768-3p
TEDC2	hsa-miR-6768-5p
TENM2	hsa-miR-12125
TENM3	hsa-miR-1305
TENM4	hsa-miR-5579-3p
TENM4	hsa-miR-5579-5p
TENM4	hsa-miR-708-3p
TENM4	hsa-miR-708-5p
TESK1	hsa-miR-4667-3p
TESK1	hsa-miR-4667-5p
TIAM2	hsa-miR-1273c
TLE3	hsa-miR-629-3p
TLE3	hsa-miR-629-5p
TLN1	hsa-miR-6852-3p
TLN1	hsa-miR-6852-5p
TLN2	hsa-miR-190a-3p
TLN2	hsa-miR-190a-5p
TMEM132C	hsa-miR-3612
TMEM164	hsa-miR-3978
TMEM164	hsa-miR-652-3p
TMEM164	hsa-miR-652-5p
TMEM181	hsa-miR-7161-3p
TMEM181	hsa-miR-7161-5p
TMEM187	hsa-miR-3202
TMEM232	hsa-miR-548f-3p
TMEM245	hsa-miR-32-3p
TMEM245	hsa-miR-32-5p
TMEM39B	hsa-miR-5585-3p
TMEM39B	hsa-miR-5585-5p
TMF1	hsa-miR-3136-3p
TMF1	hsa-miR-3136-5p
TNFAIP6	hsa-miR-4773
TNFRSF1B	hsa-miR-4632-3p
TNFRSF1B	hsa-miR-4632-5p
TNIK	hsa-miR-569
TNK2	hsa-miR-6829-3p
TNK2	hsa-miR-6829-5p
TNKS	hsa-miR-597-3p
TNKS	hsa-miR-597-5p
TNPO1	hsa-miR-4804-3p
TNPO1	hsa-miR-4804-5p
TNPO2	hsa-miR-10395-3p
TNPO2	hsa-miR-10395-5p
TNS1	hsa-miR-6809-3p
TNS1	hsa-miR-6809-5p
TNS2	hsa-miR-6757-3p
TNS2	hsa-miR-6757-5p
TOM1	hsa-miR-3909
TOMM40L	hsa-miR-5187-3p
TOMM40L	hsa-miR-5187-5p
TONSL	hsa-miR-6893-3p
TONSL	hsa-miR-6893-5p
TP63	hsa-miR-944
TPCN1	hsa-miR-6762-3p
TPCN1	hsa-miR-6762-5p
TPCN2	hsa-miR-3164
TPM3	hsa-miR-190b-3p
TPM3	hsa-miR-190b-5p
TPRA1	hsa-miR-6825-3p
TPRA1	hsa-miR-6825-5p
TPRA1	hsa-miR-7976
TPST2	hsa-miR-548j-3p
TPST2	hsa-miR-548j-5p
TRAF2	hsa-miR-4479
TRIB2	hsa-miR-3125
TRIM28	hsa-miR-6807-3p
TRIM28	hsa-miR-6807-5p
TRMT2A	hsa-miR-6816-3p
TRMT2A	hsa-miR-6816-5p
TRPC6	hsa-miR-3920
TRPM1	hsa-miR-211-3p
TRPM1	hsa-miR-211-5p
TRPM3	hsa-miR-204-3p
TRPM3	hsa-miR-204-5p
TRRAP	hsa-miR-3609
TTC21A	hsa-miR-6822-3p
TTC21A	hsa-miR-6822-5p
TTC27	hsa-miR-4765
TTF2	hsa-miR-942-3p
TTF2	hsa-miR-942-5p
TUFM	hsa-miR-4721
TUFT1	hsa-miR-554
TWISTNB	hsa-miR-3146
UBAC2	hsa-miR-623
UBTF	hsa-miR-6782-3p
UBTF	hsa-miR-6782-5p
UCKL1	hsa-miR-647
UGCG	hsa-miR-4668-3p
UGCG	hsa-miR-4668-5p
UGT8	hsa-miR-577
UHRF1	hsa-miR-4747-3p
UHRF1	hsa-miR-4747-5p
ULK3	hsa-miR-6882-3p
ULK3	hsa-miR-6882-5p
UMPS	hsa-miR-544b
USP20	hsa-miR-6855-3p
USP20	hsa-miR-6855-5p
VGLL1	hsa-miR-934
VPS39	hsa-miR-627-3p
VPS39	hsa-miR-627-5p
VTI1A	hsa-miR-4295
VWA5B2	hsa-miR-1224-3p
VWA5B2	hsa-miR-1224-5p
VWA8	hsa-miR-5006-3p
VWA8	hsa-miR-5006-5p
WDR1	hsa-miR-3138
WDR26	hsa-miR-4742-3p
WDR26	hsa-miR-4742-5p
WDR44	hsa-miR-1277-3p
WDR44	hsa-miR-1277-5p
WDR46	hsa-miR-6873-3p
WDR46	hsa-miR-6873-5p
WDR82	hsa-let-7g-3p
WDR82	hsa-let-7g-5p
WDR91	hsa-miR-6509-3p
WDR91	hsa-miR-6509-5p
WIPI1	hsa-miR-635
WLS	hsa-miR-1262
WNT9A	hsa-miR-5008-3p
WNT9A	hsa-miR-5008-5p
WRB-SH3BGR	hsa-miR-6508-3p
WRB-SH3BGR	hsa-miR-6508-5p
WWP2	hsa-miR-140-3p
WWP2	hsa-miR-140-5p
XKR6	hsa-miR-598-3p
XKR6	hsa-miR-598-5p
XXYLT1	hsa-miR-3137
YPEL2	hsa-miR-4729
ZBTB20	hsa-miR-4796-3p
ZBTB20	hsa-miR-4796-5p
ZCRB1	hsa-miR-7851-3p
ZDHHC14	hsa-miR-3692-3p
ZDHHC14	hsa-miR-3692-5p
ZFPM1	hsa-miR-5189-3p
ZFPM1	hsa-miR-5189-5p
ZFR	hsa-miR-579-3p
ZFR	hsa-miR-579-5p
ZNF107	hsa-miR-6839-3p
ZNF107	hsa-miR-6839-5p
ZNF141	hsa-miR-571
ZNF275	hsa-miR-12129
ZNF385B	hsa-miR-1258
ZNF653	hsa-miR-7974
ZNF710	hsa-miR-3174
ZNF766	hsa-miR-643
ZNRF2	hsa-miR-550a-3p
ZNRF2	hsa-miR-550a-5p
ZRANB2	hsa-miR-186-3p
ZRANB2	hsa-miR-186-5p
ZSCAN22	hsa-miR-6806-3p
ZSCAN22	hsa-miR-6806-5p
ZYX	hsa-miR-6892-3p
ZYX	hsa-miR-6892-5p
