miRNA	Gene
mmu-miR-124-3p	Itgb1
mmu-miR-210-3p	Tcf7l2
mmu-miR-21a-5p	Fasl
mmu-miR-137-3p	Ezh2
mmu-miR-9-5p	Stmn1
mmu-miR-23b-3p	Smad5
mmu-miR-23b-3p	Smad4
mmu-miR-23b-3p	Smad3
mmu-miR-133a-3p	Nfatc4
mmu-miR-21a-5p	Peli1
mmu-miR-20b-5p	Hif1a
mmu-miR-140-5p	Hdac4
mmu-miR-155-5p	Cebpb
mmu-miR-21a-5p	Pdcd4
mmu-miR-155-5p	Rhoa
mmu-miR-134-5p	Sox2
mmu-miR-470-5p	Nanog
mmu-miR-296-5p	Nanog
mmu-miR-134-5p	Fadd
mmu-miR-134-5p	Nanog
mmu-let-7a-5p	Hoxa9
mmu-miR-145a-5p	Hoxa9
mmu-miR-21a-5p	Spry2
mmu-miR-16-5p	Wnt3a
mmu-miR-16-5p	Ccnd1
mmu-miR-16-5p	Bcl2
mmu-miR-15a-5p	Wnt3a
mmu-miR-15a-5p	Ccnd1
mmu-miR-15a-5p	Bcl2
mmu-miR-200a-3p	Dlx5
mmu-miR-141-3p	Dlx5
mmu-miR-27b-3p	Runx1
mmu-miR-27a-3p	Runx1
mmu-miR-106a-5p	Stat3
mmu-miR-93-5p	Stat3
mmu-miR-20a-5p	Stat3
mmu-miR-17-5p	Stat3
mmu-miR-1a-3p	Gata4
mmu-miR-1a-3p	Calm2
mmu-miR-1a-3p	Calm1
mmu-miR-1a-3p	Mef2a
mmu-miR-144-3p	Enpp6
mmu-miR-32-5p	Enpp6
mmu-miR-21a-5p	Pten
mmu-miR-199a-5p	Sirt1
mmu-miR-199a-5p	Hif1a
mmu-miR-200a-3p	Nrp1
mmu-miR-141-3p	Cdh11
mmu-miR-7b-5p	Fos
mmu-miR-429-3p	Zeb1
mmu-miR-429-3p	Zeb2
mmu-miR-375-3p	Insm1
mmu-miR-375-3p	Mxi1
mmu-miR-375-3p	Usp1
mmu-miR-375-3p	C1qbp
mmu-miR-375-3p	Jak2
mmu-miR-375-3p	Adipor2
mmu-miR-375-3p	Ahr
mmu-miR-206-3p	Pola1
mmu-miR-206-3p	Gja1
mmu-miR-200b-3p	Zeb1
mmu-miR-200b-3p	Zeb2
mmu-miR-200a-3p	Zeb2
mmu-miR-200a-3p	Zeb1
mmu-miR-181a-5p	Bcl2
mmu-miR-181a-5p	Cd69
mmu-miR-16-5p	Ccnt2
mmu-miR-145a-5p	Tmod3
mmu-miR-141-3p	Zeb2
mmu-miR-141-3p	Zeb1
mmu-miR-141-3p	Stk3
mmu-miR-141-3p	Klf5
mmu-miR-124-3p	Adipor2
mmu-miR-124-3p	Mtpn
mmu-miR-124-3p	Mapk14
mmu-miR-124-3p	Ahr
mmu-miR-124-3p	Vamp3
mmu-miR-103-3p	Gpd1
mmu-miR-1a-3p	Igf1
mmu-let-7e-5p	Eif3j1
mmu-let-7b-5p	Mtpn
mmu-let-7b-5p	Rpia
mmu-let-7b-5p	Actg1
mmu-miR-9-5p	Foxg1
mmu-miR-150-5p	Notch4
mmu-miR-221-3p	Psmd9
mmu-miR-135a-5p	Smad5
mmu-miR-34c-5p	Smad5
mmu-miR-34c-5p	Runx2
mmu-miR-133a-3p	Runx2
mmu-miR-223-3p	Mef2c
mmu-miR-30e-5p	Sap30
mmu-miR-30e-5p	Tshb
mmu-miR-30e-5p	Akap14
mmu-let-7a-5p	Hmga2
mmu-miR-21a-5p	Reck
mmu-miR-34a-5p	Actb
mmu-miR-150-5p	Pdgfb
mmu-miR-31-5p	Hif1a
mmu-miR-31-5p	Pdgfb
mmu-miR-126a-3p	Hoxa9
mmu-miR-19b-3p	Hipk3
mmu-miR-19b-3p	Mylip
mmu-miR-124-3p	Foxa2
mmu-miR-200c-3p	Zeb1
mmu-miR-200c-3p	Zeb2
mmu-miR-155-5p	Ripk1
mmu-miR-155-5p	Fadd
mmu-miR-155-5p	Ikbke
mmu-miR-155-5p	Trp53inp1
mmu-miR-101a-3p	Ptgs2
mmu-miR-155-5p	Rheb
mmu-miR-26a-5p	Ezh2
mmu-miR-23b-3p	Hes1
mmu-miR-206-3p	Mmd
mmu-miR-206-3p	Utrn
mmu-miR-206-3p	Fstl1
mmu-miR-124-3p	Sycp1
mmu-miR-124-3p	Ptbp1
mmu-miR-133a-3p	Cdc42
mmu-miR-133a-3p	Nelfa
mmu-miR-133a-3p	Rhoa
mmu-miR-1a-3p	Hand2
mmu-miR-1a-3p	Irx5
mmu-miR-375-3p	Mtpn
mmu-miR-92a-3p	Hipk3
mmu-miR-106a-5p	Hipk3
mmu-miR-20b-5p	Hipk3
mmu-miR-20b-5p	Mylip
mmu-miR-106a-5p	Mylip
mmu-miR-92a-3p	Mylip
mmu-miR-155-5p	Socs1
mmu-let-7e-5p	Tlr4
mmu-miR-122-5p	Tmem50b
mmu-miR-122-5p	Cers6
mmu-miR-122-5p	Gpx7
mmu-miR-122-5p	Tgfbr1
mmu-miR-122-5p	Sbk1
mmu-miR-122-5p	Hist1h1c
mmu-miR-122-5p	Ddc
mmu-miR-122-5p	Rell1
mmu-miR-122-5p	Apob
mmu-miR-122-5p	Slc7a1
mmu-miR-122-5p	Slc35a4
mmu-miR-122-5p	Hfe2
mmu-miR-122-5p	Tmed3
mmu-miR-122-5p	Bckdk
mmu-miR-122-5p	Aldoa
mmu-miR-122-5p	Ndrg3
mmu-miR-122-5p	Cd320
mmu-miR-205-5p	Pten
mmu-miR-140-5p	Smad3
mmu-miR-27a-3p	Pparg
mmu-miR-133b-3p	Pitx3
mmu-let-7c-5p	Sall4
mmu-miR-497a-5p	Bcl2l2
mmu-miR-497a-5p	Bcl2
mmu-miR-211-5p	Runx2
mmu-miR-204-5p	Runx2
mmu-miR-206-3p	Hdac4
mmu-miR-322-5p	Arl2
mmu-miR-195a-5p	Arl2
mmu-miR-16-5p	Arl2
mmu-miR-15b-5p	Arl2
mmu-miR-106b-5p	Mapk14
mmu-miR-106b-5p	Stat3
mmu-miR-20a-5p	Mapk14
mmu-miR-17-5p	Mapk14
mmu-miR-210-3p	Acvr1b
mmu-miR-29b-3p	Dnmt3b
mmu-miR-29a-3p	Dnmt3b
mmu-miR-29b-3p	Dnmt3a
mmu-miR-29a-3p	Dnmt3a
mmu-miR-486a-5p	Pten
mmu-miR-335-5p	Rb1
mmu-miR-29c-3p	Yy1
mmu-miR-146a-5p	Ifng
mmu-miR-20a-5p	Zbtb7a
mmu-miR-33-5p	Abcg1
mmu-miR-33-5p	Abca1
mmu-miR-29a-3p	Col3a1
mmu-miR-29a-3p	Fbn1
mmu-miR-29a-3p	Col1a2
mmu-miR-29a-3p	Col1a1
mmu-miR-29b-3p	Col1a1
mmu-miR-29b-3p	Col1a2
mmu-miR-29b-3p	Fbn1
mmu-miR-29b-3p	Col3a1
mmu-miR-30a-5p	Ak1
mmu-miR-30a-5p	Tnrc6a
mmu-miR-30a-5p	Egfr
mmu-miR-122-5p	Smarcd1
mmu-miR-122-5p	Rcan1
mmu-miR-122-5p	Gde1
mmu-miR-19b-3p	Arid4b
mmu-miR-106a-5p	Arid4b
mmu-miR-20b-5p	Arid4b
mmu-miR-130a-3p	Atxn1
mmu-miR-101a-3p	Atxn1
mmu-miR-19a-3p	Atxn1
mmu-let-7b-5p	Bsg
mmu-miR-152-3p	Camk2a
mmu-miR-148b-3p	Camk2a
mmu-miR-148a-3p	Camk2a
mmu-miR-142a-3p	Adcy9
mmu-miR-486a-5p	Pax7
mmu-miR-30c-5p	Runx1
mmu-miR-18a-5p	Runx1
mmu-miR-206-3p	Pax7
mmu-miR-9-5p	Runx1
mmu-miR-328-3p	Bace2
mmu-miR-298-5p	Bace2
mmu-miR-328-3p	Bace1
mmu-miR-298-5p	Bace1
mmu-miR-155-5p	Aicda
mmu-miR-150-5p	Vegfa
mmu-miR-216a-5p	Pten
mmu-miR-130a-3p	Zfpm2
mmu-miR-217-5p	Pten
mmu-miR-124-3p	Ptpn12
mmu-miR-126a-3p	Pik3r2
mmu-miR-126a-3p	Spred1
mmu-miR-181a-5p	Tcra
mmu-miR-181a-5p	Egr1
mmu-miR-181a-5p	Tox
mmu-miR-181a-5p	Runx1
mmu-miR-124-3p	Ctdsp1
mmu-let-7c-5p	Myc
mmu-miR-155-5p	Maf
mmu-miR-101b-3p	Stc1
mmu-miR-124-3p	Ctdsp2
mmu-miR-124-3p	Cers2
mmu-miR-124-3p	Nek9
mmu-miR-124-3p	Tsku
mmu-miR-7a-5p	Hells
mmu-miR-155-5p	Sfpi1
mmu-miR-150-5p	Myb
mmu-miR-221-3p	Cdkn1b
mmu-miR-31-5p	Fzd4
mmu-miR-184-3p	Fzd4
mmu-miR-196a-5p	Hmga2
mmu-miR-101b-3p	Atxn1
mmu-miR-206-3p	Spry1
mmu-miR-133a-3p	Ucp2
mmu-miR-210-3p	Ucp2
mmu-miR-1a-3p	Ucp2
mmu-miR-195a-5p	Cdk6
mmu-miR-195a-5p	Ccnd1
mmu-miR-132-3p	Mecp2
mmu-miR-146a-5p	Irak2
mmu-miR-146a-5p	Irak1
mmu-miR-146a-5p	Traf6
mmu-miR-124-3p	Fcho2
mmu-miR-124-3p	Cd164
mmu-miR-124-3p	Lamc1
mmu-miR-124-3p	Cebpa
mmu-miR-124-3p	Tom1l1
mmu-miR-124-3p	Arfip1
mmu-miR-1a-3p	Hspa1b
mmu-miR-1a-3p	Hspd1
mmu-miR-124-3p	Sypl
mmu-miR-124-3p	Hadhb
mmu-miR-124-3p	B4galt1
mmu-miR-133a-3p	Casp9
mmu-miR-16-5p	Cadm1
mmu-miR-15a-5p	Cadm1
mmu-miR-124-3p	Stx2
mmu-miR-17-5p	Rbl2
mmu-miR-706	Slc3a2
mmu-miR-709	Ctcfl
mmu-miR-203-3p	Trp63
mmu-miR-140-5p	Cxcl12
mmu-miR-34a-5p	Bcl2
mmu-miR-206-3p	Notch3
mmu-miR-133a-3p	Spry1
mmu-miR-203-3p	Zfp281
mmu-miR-21a-5p	Spry1
mmu-miR-92a-3p	Trp63
mmu-miR-155-5p	Fgf7
mmu-miR-320-3p	Hspb6
mmu-miR-219a-5p	Elovl7
mmu-miR-219a-5p	Enpp6
mmu-miR-124-3p	Fam177a
mmu-miR-219a-5p	Camk2g
mmu-miR-145a-5p	Irs1
mmu-miR-134-5p	Nr5a2
mmu-miR-134-5p	Gnao1
mmu-miR-470-5p	Pou5f1
mmu-miR-155-5p	Inpp5d
mmu-miR-20b-5p	Vegfa
mmu-miR-1a-3p	Igf1r
mmu-miR-324-5p	Smo
mmu-miR-326-3p	Smo
mmu-miR-125b-5p	Smo
mmu-miR-124-3p	Plod3
mmu-miR-219a-5p	Pdgfra
mmu-miR-219a-5p	Sox6
mmu-miR-219a-5p	Foxj3
mmu-miR-219a-5p	Zbtb18
mmu-miR-219a-5p	Hes5
mmu-miR-375-3p	Olfr75-ps1
mmu-miR-23a-3p	Celf1
mmu-miR-23b-3p	Celf1
mmu-miR-23b-3p	Celf2
mmu-miR-143-3p	Prkce
mmu-miR-145a-5p	Prkce
mmu-miR-466l-3p	Il10
mmu-miR-155-5p	Tab2
mmu-miR-143-3p	Vcan
mmu-miR-122-5p	Ccrn4l
mmu-miR-29b-3p	Eln
mmu-miR-29a-3p	Eln
mmu-miR-146a-5p	Nos2
mmu-miR-486a-5p	Foxo1
mmu-miR-468-3p	Hells
mmu-let-7c-5p	Mycn
mmu-let-7c-5p	Lin28a
mmu-miR-133a-3p	Ccnd2
mmu-miR-133a-3p	Srf
mmu-let-7a-5p	Il13
mmu-miR-223-3p	Fbxw7
mmu-miR-25-3p	Fbxw7
mmu-miR-138-5p	Kdm6b
mmu-miR-148a-3p	Kdm6b
mmu-miR-185-5p	Kdm6b
mmu-miR-339-5p	Kdm6b
mmu-miR-134-5p	Pum2
mmu-miR-134-5p	Limk1
mmu-miR-28a-5p	Srsf1
mmu-miR-505-3p	Srsf1
mmu-miR-10b-5p	Hoxd10
mmu-miR-139-5p	Foxo1
mmu-let-7a-5p	Trim71
mmu-let-7e-5p	Trim71
mmu-miR-10a-5p	Hdac4
mmu-miR-221-3p	Ddit4
mmu-miR-221-3p	Bnip3
mmu-miR-181b-5p	Timp3
mmu-miR-27b-3p	Mef2c
mmu-miR-381-3p	Bdnf
mmu-miR-495-3p	Bdnf
mmu-miR-30a-5p	Bdnf
mmu-miR-30d-5p	Bdnf
mmu-miR-143-3p	Elk1
mmu-miR-145a-5p	Klf4
mmu-miR-145a-5p	Camk2d
mmu-miR-125b-5p	Lin28a
mmu-miR-125b-5p	Map2k7
mmu-miR-125b-5p	Ajuba
mmu-let-7a-5p	Lin28a
mmu-miR-29a-3p	Zfp36
mmu-miR-23a-3p	Pou4f2
mmu-miR-214-3p	Pou4f2
mmu-miR-128-3p	Pou4f2
mmu-miR-23b-3p	Rtl1
mmu-miR-221-3p	Kit
mmu-miR-222-3p	Kit
mmu-miR-181a-5p	Hoxa
mmu-miR-133b-3p	Ptbp2
mmu-miR-124-3p	Bdnf
mmu-let-7d-5p	Bdnf
mmu-let-7d-5p	Drd3
mmu-miR-124-3p	Drd3
mmu-miR-27b-3p	Smad3
mmu-miR-24-3p	Smad3
mmu-miR-27b-3p	Smad4
mmu-miR-24-3p	Smad4
mmu-miR-27b-3p	Smad5
mmu-miR-24-3p	Smad5
mmu-miR-23a-3p	Lmnb1
mmu-miR-23b-3p	Lmnb1
mmu-miR-101a-3p	COX2
mmu-miR-29b-3p	Dusp2
mmu-miR-29b-3p	Ctnnbip1
mmu-miR-29b-3p	Acvr2a
mmu-miR-29b-3p	Tgfb3
mmu-miR-29b-3p	Hdac4
mmu-miR-29b-3p	Col5a3
mmu-miR-29b-3p	Col4a2
mmu-miR-125b-5p	Tnf
mmu-miR-1a-3p	Rheb
mmu-miR-1a-3p	Rps6
mmu-miR-1a-3p	Rasa1
mmu-miR-1a-3p	Cdk9
mmu-miR-1a-3p	Fn1
mmu-miR-27a-3p	Odc1
mmu-miR-27a-3p	Srm
mmu-miR-1a-3p	Acta1
mmu-miR-1a-3p	Myh6
mmu-miR-124-3p	Jag1
mmu-miR-124-3p	Dlx2
mmu-miR-124-3p	Sox9
mmu-miR-503-5p	Bcl2
mmu-miR-196a-5p	Hoxb8
mmu-miR-181b-5p	Aicda
mmu-miR-16-5p	App
mmu-miR-1a-3p	Pax7
mmu-miR-1a-3p	Pola1
mmu-miR-133a-3p	Pola1
mmu-miR-206-3p	Id1
mmu-miR-206-3p	Id2
mmu-miR-206-3p	Id3
mmu-miR-206-3p	Hhip
mmu-miR-206-3p	Ptplad1
mmu-miR-206-3p	Bdnf
mmu-miR-206-3p	Igsf5
mmu-miR-1a-3p	Gja1
mmu-miR-124-3p	Ptbp2
mmu-miR-132-3p	Ep300
mmu-miR-132-3p	Kdm5a
mmu-miR-132-3p	Btg2
mmu-miR-132-3p	Paip2
mmu-miR-191-5p	Riok3
mmu-miR-191-5p	Mxi1
mmu-miR-134-5p	Dcx
mmu-miR-134-5p	Chrdl1
mmu-miR-351-5p	Tnf
mmu-miR-351-5p	Siah2
mmu-miR-298-5p	Siah2
mmu-miR-298-5p	Tnf
mmu-miR-155-5p	Pea15a
mmu-miR-363-3p	Hand2
mmu-miR-363-3p	Tbx3
mmu-miR-137-3p	Tbx3
mmu-miR-153-3p	Tbx3
mmu-miR-1a-3p	Klf4
mmu-miR-26b-5p	Lef1
mmu-miR-134-5p	Creb1
mmu-miR-326-3p	Ets1
mmu-miR-33-5p	Nrip1
mmu-miR-9-5p	Sirt1
mmu-miR-29b-3p	Bcl2l11
mmu-miR-29b-3p	Bmf
mmu-miR-29b-3p	Hrk
mmu-miR-29b-3p	Bbc3
mmu-miR-29b-3p	Bak1
mmu-miR-15a-5p	Eln
mmu-miR-497a-5p	Eln
mmu-miR-135a-5p	App
mmu-miR-20a-5p	App
mmu-miR-18a-5p	Hsf2
mmu-miR-494-3p	Hsf2
mmu-miR-29b-1-5p	Arg1
mmu-miR-676-3p	Arg1
mmu-miR-382-3p	Arg1
mmu-miR-669b-5p	Arg1
mmu-miR-96-5p	Gstm1
mmu-miR-126a-3p	Runx1
mmu-miR-126a-3p	Tal1
mmu-miR-126a-3p	Sfpi1
mmu-miR-126a-5p	Sfpi1
mmu-miR-126a-5p	Tal1
mmu-miR-126a-5p	Runx1
mmu-miR-125b-5p	Igf2
mmu-miR-200a-3p	Ctnnb1
mmu-miR-200b-3p	Suz12
mmu-miR-200b-3p	Bmi1
mmu-miR-9-5p	Hes1
mmu-miR-146a-5p	Stat1
mmu-miR-101a-3p	Dusp1
mmu-miR-223-3p	Gzmb
mmu-miR-101a-3p	Akt1
mmu-miR-16-5p	Mdm4
mmu-miR-16-5p	Vegfa
mmu-miR-16-5p	Jun
mmu-miR-16-5p	Jag1
mmu-miR-291a-3p	Cdkn1a
mmu-miR-291b-3p	Cdkn1a
mmu-miR-294-3p	Cdkn1a
mmu-miR-295-3p	Cdkn1a
mmu-miR-302d-3p	Cdkn1a
mmu-miR-212-3p	Mmp9
mmu-miR-132-3p	Mmp9
mmu-miR-199b-3p	Dyrk1a
mmu-miR-200b-3p	Flt1
mmu-miR-200c-3p	Flt1
mmu-miR-200a-3p	Flt1
mmu-miR-429-3p	Flt1
mmu-miR-122-5p	Klf6
mmu-miR-122-5p	B2m
mmu-miR-122-5p	Afp
mmu-miR-122-5p	Ccl2
mmu-miR-122-5p	Csf3r
mmu-miR-122-5p	Ctgf
mmu-miR-122-5p	Cxcl13
mmu-miR-122-5p	Cyp2b13
mmu-miR-122-5p	Dbp
mmu-miR-122-5p	Igf2
mmu-miR-122-5p	Il1b
mmu-miR-122-5p	Jun
mmu-miR-122-5p	Per1
mmu-miR-122-5p	Alpl
mmu-miR-122-5p	Cs
mmu-miR-122-5p	Prom1
mmu-miR-122-5p	Sox4
mmu-miR-124-3p	Ginm1
mmu-miR-483-5p	Socs3
mmu-miR-22-3p	Mecom
mmu-miR-22-3p	Erbb3
mmu-miR-22-3p	Cdc25c
mmu-miR-182-5p	Foxo3
mmu-miR-143-3p	Kras
mmu-miR-143-3p	Rreb1
mmu-miR-145a-5p	Rreb1
mmu-miR-145a-5p	Kras
mmu-miR-29a-3p	Hdac4
mmu-miR-29c-3p	Hdac4
mmu-miR-375-3p	Yap1
mmu-miR-155-5p	Fos
mmu-miR-24-3p	Bcl2l11
mmu-miR-125b-5p	Stat3
mmu-miR-125b-5p	Bak1
mmu-miR-125b-5p	Jun
mmu-miR-125b-5p	Jund
mmu-miR-145a-5p	Sox9
mmu-miR-132-3p	Ptbp2
mmu-miR-143-3p	Ptn
mmu-miR-130b-3p	Meox2
mmu-miR-301b-3p	Meox1
mmu-miR-721	Meox2
mmu-miR-125b-5p	Ppp1ca
mmu-miR-125b-5p	Prkra
mmu-miR-140-5p	asp1
mmu-miR-27b-3p	Pparg
mmu-miR-34a-5p	Sirt1
mmu-miR-194-5p	Fzd6
mmu-miR-29b-3p	Tbx21
mmu-miR-29b-3p	Eomes
mmu-miR-125b-1-3p	Srf
mmu-miR-125b-1-3p	Nkx2-5
mmu-miR-125b-1-3p	Prpf8
mmu-miR-155-5p	Tspan14
mmu-miR-155-5p	Lpin1
mmu-miR-155-5p	Pmaip1
mmu-miR-34a-5p	Notch1
mmu-miR-133a-3p	Igf1r
mmu-miR-320-3p	Ets2
mmu-miR-320-3p	Mmp9
mmu-miR-320-3p	Emilin2
mmu-miR-125a-5p	Cbx7
mmu-miR-181a-5p	Cbx7
mmu-miR-181b-5p	Cbx7
mmu-miR-451a	Myc
mmu-miR-709	Myc
mmu-miR-709	Akt1
mmu-miR-15a-5p	Ccnt2
mmu-miR-743a-3p	Mdh2
mmu-miR-206-3p	Timp3
mmu-miR-146a-5p	Notch1
mmu-miR-195a-5p	Sirt1
mmu-miR-141-3p	Mapk14
mmu-miR-21a-5p	Tgfbi
mmu-miR-29a-3p	Col2a1
mmu-miR-29b-3p	Col2a1
mmu-miR-27b-3p	Cxcl12
mmu-miR-34c-5p	Atf1
mmu-miR-148a-3p	Rock1
mmu-miR-1a-3p	Cdc42
mmu-miR-298-5p	Vdr
mmu-miR-29c-3p	Spry1
mmu-miR-184-3p	Numbl
mmu-miR-346-5p	Nrip1
mmu-miR-218-5p	Onecut2
mmu-miR-23a-3p	Runx2
mmu-miR-16-5p	Slc6a4
mmu-miR-296-5p	Tmed9
mmu-miR-199a-3p	Smad1
mmu-miR-199a-3p	Runx1
mmu-miR-192-5p	Zeb2
mmu-miR-199a-3p	COX2
mmu-miR-22-3p	Arpc5
mmu-miR-883a-5p	Arpc5
mmu-miR-19b-3p	Neurod1
mmu-miR-382-5p	Klk5
mmu-miR-2861	Hdac5
mmu-miR-10a-5p	Bcl2l11
mmu-miR-106b-5p	Bcl2l11
mmu-miR-17-5p	Bcl2l11
mmu-miR-125b-5p	Suv39h1
mmu-miR-19b-3p	Arpc3
mmu-miR-29a-3p	Arpc3
mmu-miR-34a-5p	Dll1
mmu-miR-9-5p	Zfp521
mmu-miR-495-3p	Onecut1
mmu-miR-132-3p	Nr4a2
mmu-miR-127-3p	Fcgr1
mmu-miR-132-3p	Arhgap32
mmu-miR-17-5p	Sqstm1
mmu-miR-20a-5p	Sqstm1
mmu-miR-93-5p	Sqstm1
mmu-miR-106a-5p	Sqstm1
mmu-miR-451a	Ywhaz
mmu-miR-223-3p	Stat3
mmu-miR-96-5p	Clic5
mmu-miR-182-5p	Clic5
mmu-miR-124-3p	Dlx5
mmu-miR-181a-5p	Msx2
mmu-miR-142a-3p	Arntl
mmu-miR-25-3p	Wwp2
mmu-miR-471-5p	Foxd1
mmu-miR-471-5p	Dsc1
mmu-miR-125b-5p	Cbfb
mmu-miR-182-5p	Tbx1
mmu-miR-103-3p	Nf1
mmu-miR-137-3p	Nf1
mmu-miR-128-3p	Nf1
mmu-miR-16-5p	Ccne1
mmu-miR-297b-5p	Mllt3
mmu-miR-297b-3p	Mllt3
mmu-miR-195a-5p	Bace1
mmu-miR-30d-5p	Map4k4
mmu-miR-125a-5p	4632428N05Rik
mmu-miR-125b-5p	4632428N05Rik
mmu-miR-145a-5p	Ccnd2
mmu-miR-145a-5p	Acvr1b
mmu-miR-511-3p	Rock2
mmu-miR-467b-5p	Lpl
mmu-miR-30a-5p	Snai1
mmu-miR-30c-5p	Snai1
mmu-miR-125b-5p	Snai1
mmu-miR-370-3p	Bmpr2
mmu-miR-370-3p	Estq1
mmu-miR-449a-5p	Ccnd1
mmu-miR-449a-5p	Bcl2
mmu-miR-449a-5p	E2f2
mmu-miR-449a-5p	E2f3
mmu-miR-449a-5p	Myc
mmu-miR-7578	Egr1
mmu-miR-146a-5p	Med1
mmu-miR-223-3p	Gria2
mmu-miR-223-3p	Grin2b
mmu-miR-205-5p	Lrrk2
mmu-miR-145a-5p	Sp7
mmu-miR-92a-3p	Map2k4
mmu-miR-22-3p	Ywhaz
mmu-miR-1a-3p	Tlx2
mmu-miR-1a-3p	Anxa5
mmu-miR-135b-5p	Il1r1
mmu-miR-290a-3p	Arid4b
mmu-miR-181a-5p	Tgfbi
mmu-miR-181a-5p	Tbr1
mmu-miR-181a-5p	Rgs4
mmu-miR-181a-5p	Gata6
mmu-miR-148a-3p	Dnmt1
mmu-miR-30e-5p	Ucp2
mmu-miR-155-5p	Cldn1
mmu-miR-181a-5p	Acvr2a
mmu-miR-2861	Runx2
mmu-miR-215-5p	Zeb2
mmu-miR-375-3p	Elavl4
mmu-miR-7b-5p	Mecp2
mmu-miR-223-3p	Foxo3
mmu-miR-223-3p	Igf1r
mmu-miR-214-3p	Ezh2
mmu-miR-17-5p	Dnmt3a
mmu-miR-17-5p	Mcl1
mmu-miR-17-5p	Pten
mmu-miR-17-5p	Foxp1
mmu-miR-34a-5p	Foxp1
mmu-miR-93-5p	Vegfa
mmu-miR-31-5p	Fgf10
mmu-miR-31-5p	Krt16
mmu-miR-31-5p	Krt17
mmu-miR-31-5p	Dlx3
mmu-miR-29c-3p	Cav2
mmu-miR-29c-3p	Insig1
mmu-miR-29a-3p	Cav2
mmu-miR-29a-3p	Insig1
mmu-miR-21a-5p	Spry3
mmu-miR-20a-5p	Pten
mmu-miR-18a-5p	Pten
mmu-miR-15a-5p	Bcl2l1
mmu-let-7b-5p	Nr2e1
mmu-miR-19b-3p	Rnf11
mmu-miR-19b-3p	Pten
mmu-miR-30e-5p	Mtdh
mmu-miR-122-5p	Socs2
mmu-miR-122-5p	Slc35g1
mmu-miR-122-5p	Camk2b
mmu-miR-122-5p	Irf6
mmu-miR-122-5p	Rbl2
mmu-miR-122-5p	Hfe
mmu-miR-122-5p	Ccnd1
mmu-miR-195a-5p	Bcl2
mmu-miR-24-3p	Apba1
mmu-miR-24-3p	Myog
mmu-miR-24-3p	Mef2c
mmu-miR-181a-5p	Hoxa11
mmu-miR-130a-3p	Meox2
mmu-miR-128-3p	Foxp1
mmu-miR-124-3p	Cdc42
mmu-miR-124-3p	Rac1
mmu-miR-124-3p	Rhoa
mmu-miR-29b-3p	Cav2
mmu-miR-29b-3p	Insig1
mmu-miR-107-3p	Hif1a
mmu-miR-301a-3p	Pias3
mmu-miR-21a-5p	Pias3
mmu-miR-155-5p	Pias3
mmu-miR-183-5p	Zeb2
mmu-miR-666-5p	Zeb2
mmu-miR-29a-3p	Ifnar1
mmu-miR-383-5p	RBMS1
mmu-miR-23a-3p	Mtss1
mmu-miR-27a-3p	Fbxw7
mmu-miR-7a-5p	Eif4e
mmu-miR-7a-5p	Rps6kb1
mmu-miR-7a-5p	Mapkap1
mmu-miR-7a-5p	Mknk2
mmu-miR-7a-5p	Mknk1
mmu-miR-342-5p	Akt1
mmu-miR-144-3p	Abca1
mmu-miR-22-3p	Hdac4
mmu-miR-22-3p	SIRT1
mmu-miR-24-3p	Neurod1
mmu-miR-24-3p	Hnf1a
mmu-miR-29b-3p	Akt3
mmu-miR-29c-3p	Akt3
mmu-miR-200b-3p	Dcx
mmu-miR-466a-3p	Dcx
mmu-miR-200a-3p	Dcx
mmu-miR-466d-3p	Dcx
mmu-miR-200b-3p	Pafah1b1
mmu-miR-466a-3p	Pafah1b1
mmu-miR-466d-3p	Pafah1b1
mmu-miR-200a-3p	Pafah1b1
mmu-miR-181a-5p	Xiap
mmu-miR-181a-5p	Mecp2
mmu-miR-211-5p	Tcf3
mmu-miR-224-5p	Acsl4
mmu-miR-224-5p	Egr2
mmu-miR-450b-5p	Pax9
mmu-miR-450b-5p	Enox2
mmu-miR-22-3p	Max
mmu-miR-24-3p	Oxt
mmu-miR-29a-3p	Pdgfrb
mmu-miR-200a-3p	Pkd1
mmu-miR-200b-3p	Pkd1
mmu-miR-29b-3p	Sirt1
mmu-miR-200c-3p	Sox2
mmu-miR-295-5p	Pax6
mmu-miR-294-5p	Pax6
mmu-miR-291a-3p	Pax6
mmu-miR-322-5p	TOB2
mmu-miR-203-3p	Snora62
mmu-miR-875-5p	Prdx3
mmu-miR-203-3p	Cav1
mmu-miR-214-3p	Sp7
mmu-miR-29a-3p	Bace1
mmu-miR-29b-3p	Bace1
mmu-miR-204-5p	Bcl2
mmu-miR-204-5p	Ntrk2
mmu-miR-150-5p	Cbl
mmu-miR-150-5p	Egr2
mmu-miR-142a-3p	Il6st
mmu-miR-1a-3p	Mkl1
mmu-miR-29a-3p	Col4a1
mmu-miR-29a-3p	Col4a2
mmu-miR-29a-3p	Col4a3
mmu-miR-29a-3p	Col4a4
mmu-miR-29a-3p	Col4a5
mmu-miR-29a-3p	Col4a6
mmu-miR-29b-3p	Col4a6
mmu-miR-29b-3p	Col4a5
mmu-miR-29b-3p	Col4a4
mmu-miR-29b-3p	Col4a3
mmu-miR-29b-3p	Col4a1
mmu-miR-133a-3p	Prdm16
mmu-miR-206-3p	Hmgb3
mmu-miR-702-3p	Tceal1
mmu-miR-320-3p	Coro1a
mmu-miR-23b-3p	Nox4
mmu-let-7a-5p	ACVR1B
mmu-let-7b-5p	ACVR1B
mmu-miR-18a-5p	Smad2
mmu-miR-18b-5p	Smad2
mmu-miR-124-3p	Stat3
mmu-miR-17-5p	Zfpm2
mmu-miR-20a-5p	Zfpm2
mmu-miR-19a-3p	Zfpm2
mmu-miR-155-5p	Hdac4
mmu-miR-19b-3p	Zfpm2
mmu-miR-92a-3p	Zfpm2
mmu-miR-21a-5p	Tgfbr3
mmu-miR-351-5p	E2f3
mmu-miR-98-5p	Acvr1b
mmu-miR-98-5p	Mmp11
mmu-miR-128-3p	PPARA
mmu-miR-128-3p	Runx1
mmu-miR-128-3p	Pax3
mmu-miR-146a-5p	Relb
mmu-miR-1a-3p	Smarcd2
mmu-miR-206-3p	Clcn3
mmu-miR-1a-3p	Clcn3
mmu-miR-206-3p	Smarcd2
mmu-miR-206-3p	Smarcb1
mmu-miR-1a-3p	Smarcb1
mmu-miR-1a-3p	Map4k3
mmu-miR-206-3p	Map4k3
mmu-miR-206-3p	Fzd7
mmu-miR-1a-3p	Fzd7
mmu-miR-1a-3p	Meox2
mmu-miR-206-3p	Meox2
mmu-miR-206-3p	Nfat5
mmu-miR-1a-3p	Nfat5
mmu-miR-1a-3p	Rarb
mmu-miR-206-3p	Rarb
mmu-miR-206-3p	Sh3bgrl
mmu-miR-1a-3p	Sh3bgrl
mmu-miR-138-5p	Trp53
mmu-miR-212-3p	Foxo3
mmu-miR-132-3p	Foxo3
mmu-miR-125a-5p	Ptpn18
mmu-miR-125a-5p	Ptpn7
mmu-miR-125a-5p	Ppp1ca
mmu-miR-125a-5p	Ppp2ca
mmu-miR-1a-3p	Hes1
mmu-miR-155-5p	Nr1h3
mmu-miR-204-5p	Sox11
mmu-miR-181a-5p	Il1a
mmu-miR-15b-5p	Dedd
mmu-miR-20a-5p	ULK1
mmu-miR-106b-5p	ULK1
mmu-miR-141-3p	Slc25a3
mmu-miR-466l-3p	Ifna1
mmu-miR-34a-5p	Vcl
mmu-miR-34b-5p	Vcl
mmu-miR-34c-5p	Vcl
mmu-miR-34a-5p	Sema4b
mmu-miR-34b-5p	Sema4b
mmu-miR-34c-5p	Sema4b
mmu-miR-34a-5p	Pofut1
mmu-miR-34b-5p	Pofut1
mmu-miR-34c-5p	Pofut1
mmu-miR-34a-5p	Bcl6
mmu-miR-34b-5p	Bcl6
mmu-miR-34c-5p	Bcl6
mmu-miR-17-5p	Hbp1
mmu-miR-20a-5p	Hbp1
mmu-miR-122-5p	Pkm
mmu-miR-122-5p	Tfdp2
mmu-miR-122-5p	E2f1
mmu-miR-34c-5p	Nanos2
mmu-miR-705	Hoxa10
mmu-miR-1a-3p	Ets1
mmu-miR-302a-3p	Lats2
mmu-miR-146a-5p	IRAK1
mmu-miR-24-3p	Jph2
mmu-miR-148b-3p	Dnmt1
mmu-miR-152-3p	Dnmt1
mmu-miR-31-5p	Rhoa
mmu-miR-10a-5p	Klf4
mmu-miR-27a-3p	Runx2
mmu-miR-27a-3p	alp
mmu-miR-27a-3p	Spp1
mmu-miR-27a-3p	Tcirg1
mmu-miR-27a-3p	Bmp2
mmu-miR-27a-3p	Bmpr1a
mmu-miR-27a-3p	Smad9
mmu-miR-183-5p	Lrp6
mmu-miR-138-5p	Sox2
mmu-miR-709	Sox2
mmu-miR-709	Jun
mmu-miR-138-5p	Jun
mmu-miR-138-5p	Egr2
mmu-miR-709	Egr2
mmu-miR-20a-5p	Ep300
mmu-miR-29b-3p	Tnfaip3
mmu-miR-27a-5p	Prdm16
mmu-miR-27a-5p	Creb1
mmu-miR-27a-5p	Ppara
mmu-miR-144-3p	Prkaa1
mmu-miR-451a	Prkaa1
mmu-miR-451a	Acc
mmu-miR-451a	Cab39
mmu-miR-144-3p	Cab39
mmu-miR-495-3p	Dnmt3a
mmu-miR-29a-3p	Dcx
mmu-miR-30a-5p	Ccne2
mmu-miR-30a-5p	Celsr3
mmu-miR-30a-5p	Mdm2
mmu-miR-30a-5p	Mtdh
mmu-miR-30a-5p	Smad1
mmu-miR-30a-5p	Twf1
mmu-miR-30a-5p	Timp3
mmu-miR-30c-5p	Ccne2
mmu-miR-30c-5p	Celsr3
mmu-miR-30c-5p	Egfr
mmu-miR-30c-5p	Mdm2
mmu-miR-30c-5p	Mtdh
mmu-miR-30c-5p	Smad1
mmu-miR-30c-5p	Twf1
mmu-miR-30c-5p	Timp3
mmu-miR-34a-5p	Gas1
mmu-miR-205-5p	Gsk3b
mmu-miR-125a-5p	Traf6
mmu-miR-21a-5p	Tnfaip8l2
mmu-miR-302a-3p	Ccnd1
mmu-miR-21a-5p	Smad7
mmu-miR-499-5p	Sox6
mmu-miR-206-3p	Fn1
mmu-miR-325-3p	Arc
mmu-miR-22-3p	Mecp2
mmu-miR-185-5p	Vcan
mmu-miR-185-5p	Ctnnb1
mmu-miR-203-5p	Vcan
mmu-miR-203-5p	Ctnnb1
mmu-miR-434-3p	Vcan
mmu-miR-434-3p	Ctnnb1
mmu-miR-680	Vcan
mmu-miR-680	Ctnnb1
mmu-miR-690	Vcan
mmu-miR-690	Ctnnb1
mmu-miR-210-3p	Hif1a
mmu-miR-384-3p	Hdac3
mmu-miR-20a-5p	Trp53inp1
mmu-miR-17-5p	Trp53inp1
mmu-miR-224-5p	Npas4
mmu-miR-21a-5p	Gt(ROSA)26Sor
mmu-miR-17-5p	Tbx3
mmu-miR-20a-5p	Tbx3
mmu-miR-92a-3p	Tbx3
mmu-miR-17-5p	Fgf10
mmu-miR-20a-5p	Fgf10
mmu-miR-20a-5p	Shox2
mmu-miR-17-5p	Shox2
mmu-miR-17-5p	Osr1
mmu-miR-20a-5p	Osr1
mmu-miR-489-3p	Myd88
mmu-miR-34a-5p	Vegfb
mmu-miR-34a-5p	Ppp1r10
mmu-miR-34a-5p	Ccnd1
mmu-miR-499-5p	Fzd8
mmu-miR-499-5p	Ppp3ca
mmu-miR-499-5p	Vegfa
mmu-miR-26a-5p	Ctgf
mmu-miR-26a-5p	Smad4
mmu-miR-320-3p	E2f1
mmu-miR-320-3p	Sf1
mmu-miR-27a-3p	Il10
mmu-miR-143-3p	Igfbp5
mmu-miR-21a-5p	Yy1
mmu-miR-21a-5p	Eif4e3
mmu-miR-206-3p	Eif4e3
mmu-miR-206-3p	Pdcd10
mmu-miR-21a-5p	Pdcd10
mmu-miR-133a-3p	Kcnmb1
mmu-miR-1a-3p	Myocd
mmu-miR-19a-3p	Pten
mmu-miR-92a-3p	Shox2
mmu-miR-29b-2-5p	Tgfb1
mmu-miR-125b-5p	Vps4b
mmu-miR-224-5p	PTX3
mmu-miR-370-3p	Dnmt3a
mmu-miR-30b-5p	Mtdh
mmu-miR-30d-5p	Mtdh
mmu-miR-27a-3p	Serpini1
mmu-miR-16-5p	Plpp3
mmu-miR-221-3p	Arnt
mmu-miR-203-3p	ZNF148
mmu-miR-203-3p	Rbm44
mmu-miR-34b-5p	Cdk6
mmu-miR-22-3p	Ppara
mmu-miR-22-3p	Sirt1
mmu-miR-490-3p	Nanog
mmu-miR-34a-5p	Trem2
mmu-miR-19a-3p	Tnf
mmu-miR-124-3p	Ccna2
mmu-miR-138-5p	Sirt1
mmu-miR-210-3p	Inpp5d
mmu-miR-301a-3p	Nkrf
mmu-miR-146b-5p	Sirt1
mmu-miR-378a-3p	Nrf1
mmu-miR-184-3p	Slc25a22
mmu-miR-30e-5p	Lrp6
mmu-miR-135a-5p	Nr3c2
mmu-miR-124-3p	Nr3c2
mmu-miR-124-3p	Myd88
mmu-miR-124-3p	Traf6
mmu-miR-124-3p	Nfkb1
mmu-miR-155-5p	Cd209a
mmu-miR-323-3p	Eed
mmu-miR-17-5p	Timp2
mmu-miR-17-5p	Timp1
mmu-miR-222-3p	Ets1
mmu-miR-146a-5p	Map1b
mmu-miR-155-5p	CISH
mmu-miR-98-5p	Il6
mmu-miR-145a-5p	Foxo1
mmu-miR-21a-5p	YOD1
mmu-miR-298-5p	Igf1r
mmu-miR-296-3p	Tnf
mmu-miR-296-3p	Igf1r
mmu-miR-126a-3p	Irs1
mmu-miR-376a-3p	Pcna
mmu-miR-200a-3p	IRS2
mmu-miR-466a-3p	Nfat5
mmu-miR-200c-3p	Bmi1
mmu-miR-99a-5p	Smarca5
mmu-let-7c-5p	EZH2
mmu-miR-206-3p	Adar
mmu-miR-1a-3p	Adar
mmu-miR-23a-3p	Fas
mmu-miR-23b-3p	Fas
mmu-miR-126a-5p	Alcam
mmu-miR-26a-5p	Pten
mmu-miR-344-3p	Gsk3b
mmu-miR-224-5p	Ptx3
mmu-miR-145a-5p	Klf5
mmu-miR-15b-5p	Bcl2l2
mmu-miR-16-5p	Bcl2l2
mmu-miR-195a-5p	Bcl2l2
mmu-miR-130b-3p	Tgfb1
mmu-miR-181b-5p	SIX2
mmu-miR-142a-3p	Irak1
mmu-miR-873a-5p	Tnfaip3
mmu-miR-9-5p	Camkk2
mmu-miR-150-5p	Myd88
mmu-miR-31-5p	Myd88
mmu-miR-339-3p	Oprm1
mmu-let-7e-5p	Il10
mmu-miR-17-5p	Tceal1
mmu-miR-3473a	Pten
mmu-miR-690	Cebpe
mmu-miR-27a-3p	Bax
mmu-miR-23a-3p	Bax
mmu-miR-23a-3p	Pmaip1
mmu-miR-27a-3p	Pmaip1
mmu-miR-27a-3p	Bbc3
mmu-miR-23a-3p	Bbc3
mmu-miR-34a-5p	TGIF2
mmu-miR-96-5p	Insig2
mmu-miR-182-5p	Fbxw7
mmu-miR-210-3p	Shh
mmu-miR-146b-5p	Nfkb1
mmu-miR-133b-3p	Foxl2
mmu-miR-200c-3p	Zfpm2
mmu-miR-200b-3p	Zfpm2
mmu-miR-132-3p	Ache
mmu-miR-335-3p	Ank3
mmu-miR-29b-3p	Igf1
mmu-miR-29a-3p	Cx3cl1
mmu-miR-29a-3p	Igf1
mmu-miR-200c-3p	Nog
mmu-miR-20a-5p	Vegfa
mmu-miR-17-5p	Vegfa
mmu-miR-181b-5p	Hspa5
mmu-miR-181b-5p	Uchl1
mmu-miR-338-3p	Fgfr2
mmu-miR-338-3p	Runx2
mmu-miR-150-5p	Ppargc1a
mmu-miR-150-5p	Prdm16
mmu-let-7a-5p	IL6
mmu-miR-133a-3p	Rapgef3
mmu-miR-133a-3p	Prkacb
mmu-miR-133a-3p	Adcy6
mmu-miR-133a-3p	Adrb1
mmu-miR-137-3p	Nr1i3
mmu-miR-15a-5p	Vegfa
mmu-miR-16-5p	Cd40
mmu-miR-15a-5p	Cd40
mmu-miR-15a-5p	Fgf2
mmu-miR-16-5p	Fgf2
mmu-miR-181d-5p	Runx1
mmu-miR-106a-5p	Hif1a
mmu-miR-106a-5p	Vegfa
mmu-miR-7a-1-3p	Pfn2
mmu-miR-7a-2-3p	Pfn2
mmu-miR-7a-1-3p	Prkcb
mmu-miR-7a-2-3p	Prkcb
mmu-miR-7a-1-3p	Snca
mmu-miR-7a-2-3p	Snca
mmu-miR-7a-2-3p	Zdhhc9
mmu-miR-7a-1-3p	Zdhhc9
mmu-miR-7a-1-3p	Wipf2
mmu-miR-7a-2-3p	Wipf2
mmu-miR-7a-1-3p	Cplx1
mmu-miR-7a-2-3p	Cplx1
mmu-miR-7a-2-3p	Basp1
mmu-miR-19b-3p	Gja3
mmu-miR-7a-1-3p	Basp1
mmu-miR-19a-3p	Gja3
mmu-miR-29b-3p	Sox2
mmu-miR-19b-3p	Wnt1
mmu-miR-21a-5p	Mmp9
mmu-miR-155-5p	Gsk3b
mmu-miR-146a-5p	RNF11
mmu-miR-106b-5p	Fgfr1op2
mmu-miR-141-3p	Slc23a2
mmu-miR-200a-3p	Slc23a2
mmu-miR-125a-5p	Hif1an
mmu-miR-370-3p	Tgfbr3
mmu-miR-302a-3p	Nr2f2
mmu-miR-150-5p	Cxcr4
mmu-miR-17-3p	Pawr
mmu-miR-24-2-5p	Smad5
mmu-miR-20a-5p	Atg16l1
mmu-miR-143-3p	Dnmt3a
mmu-miR-24-3p	Pou5f1
mmu-miR-96-5p	Akt1s1
mmu-miR-34a-5p	Slc22a12
mmu-miR-200c-3p	Reln
mmu-miR-150-5p	Ripk2
mmu-miR-155-5p	Csnk1a1
mmu-miR-153-3p	Cacna1c
mmu-miR-23b-3p	Tmod1
mmu-miR-7a-5p	Sp1
mmu-miR-7a-5p	Parp1
mmu-miR-378a-3p	GLI3
mmu-miR-30a-5p	IL21R
mmu-miR-17-5p	Ulk1
mmu-miR-128-3p	Abhd5
mmu-miR-291b-3p	Prkaa1
mmu-miR-494-3p	Fgfr2
mmu-miR-494-3p	Rock1
mmu-miR-125b-2-3p	Eef2k
mmu-miR-125b-2-3p	Ccna2
mmu-miR-26a-5p	Atf2
mmu-miR-18a-5p	IRF2
mmu-let-7i-5p	Il6
mmu-let-7i-5p	Col1a2
mmu-miR-210-3p	Il16
mmu-miR-210-3p	Cxcl12
mmu-miR-27b-3p	Arntl
mmu-miR-367-3p	Irak4
mmu-miR-1894-3p	Trim46
mmu-miR-130b-3p	Irf1
mmu-miR-27a-3p	Sp7
mmu-miR-764-3p	Nr5a1
mmu-miR-145a-5p	Nr4a2
mmu-miR-339-5p	Bace1
mmu-miR-448-3p	Ncf1
mmu-miR-374b-5p	Myf6
mmu-miR-23a-3p	Stat1
mmu-miR-29a-3p	Scap
mmu-miR-29b-3p	Scap
mmu-miR-29c-3p	Scap
mmu-miR-106b-5p	Smad5
mmu-miR-17-5p	Smad5
mmu-miR-301a-3p	Socs5
mmu-miR-301a-3p	Irf1
mmu-miR-338-3p	TNFSF11
mmu-miR-19b-3p	Etv5
mmu-miR-93-5p	Nfe2l2
mmu-miR-212-3p	Hmgb1
mmu-miR-434-3p	Eif5a
mmu-miR-299a-5p	ATG5
mmu-miR-18a-5p	HIF1A
mmu-miR-7a-5p	Nlrp3
mmu-miR-142a-5p	Wwp1
mmu-miR-33-5p	Ccl2
mmu-miR-124-3p	PIM1
mmu-miR-101b-3p	Prkaa1
mmu-let-7e-5p	Col27a1
mmu-miR-24-3p	Bbc3
mmu-miR-146a-5p	Wnt1
mmu-miR-146a-5p	Wnt5a
mmu-miR-128-3p	MAPK14
mmu-miR-27b-3p	Dtna
mmu-miR-106b-5p	Egr2
mmu-miR-30b-5p	Bach2
mmu-miR-487b-3p	Il33
mmu-miR-7a-5p	Herpud2
mmu-miR-33-5p	Hmga2
mmu-miR-421-3p	SIRT3
mmu-miR-211-5p	Nuak1
mmu-miR-223-3p	Il17rd
mmu-miR-330-5p	Cdc42
mmu-miR-491-5p	Cdk4
mmu-miR-491-5p	Tcf7
mmu-miR-455-3p	Runx2
mmu-miR-101b-3p	COX2
mmu-miR-26b-3p	COX2
mmu-miR-106b-5p	Klf9
mmu-miR-29a-3p	Lpl
mmu-miR-17-5p	Bmpr2
mmu-miR-20a-5p	Bmpr2
mmu-miR-93-5p	Bmpr2
mmu-miR-106a-5p	Bmpr2
mmu-miR-451a	MIF
mmu-miR-221-3p	SSSCA1
mmu-miR-1a-3p	GTF2B
mmu-miR-139-5p	Rho
mmu-miR-10a-5p	Rho
mmu-miR-222-3p	Gja1
mmu-miR-23a-3p	Smad5
mmu-miR-27a-3p	Smad5
mmu-miR-27a-3p	Foxo1
mmu-miR-27a-3p	Lrpprc
mmu-miR-27a-3p	Smad3
mmu-miR-127-3p	Bcl6
mmu-miR-199b-3p	Jag1
mmu-miR-451a	Ankrd46
mmu-miR-687	Pten
mmu-miR-31-5p	Tgfb2
mmu-miR-150-5p	Srf
mmu-miR-330-5p	PDIA3
mmu-miR-26a-5p	Ripk2
mmu-miR-143-3p	Map3k7
mmu-miR-195a-5p	Zfp423
mmu-miR-21a-5p	Map2k3
mmu-miR-23a-3p	TNFAIP3
mmu-miR-214-3p	Dio3
mmu-miR-20a-5p	Trp63
mmu-miR-200a-3p	Sirt1
mmu-miR-149-5p	PRDM16
mmu-miR-21a-5p	Sod2
mmu-miR-195a-5p	Mmp2
mmu-miR-154-5p	Wnt11
mmu-miR-146a-5p	TRAF6
mmu-miR-21a-5p	SORBS2
mmu-miR-210-3p	Ndrg1
mmu-miR-210-3p	Arg1
mmu-miR-125b-1-3p	Esr1
mmu-miR-26a-5p	Wnt5a
mmu-miR-146a-5p	Hes1
mmu-miR-146a-5p	Pparg
mmu-miR-219a-5p	Wee1
mmu-miR-186-5p	Cxcl13
mmu-miR-140-5p	Tgfbr1
mmu-miR-140-5p	Wnt11
mmu-miR-140-5p	Ostm1
mmu-miR-200c-3p	VIM
mmu-miR-291b-3p	Rela
mmu-miR-30e-5p	DLL4
mmu-miR-9-5p	ERG
mmu-miR-200b-3p	App
mmu-miR-106a-5p	App
mmu-miR-9-5p	Foxo3
mmu-miR-126a-3p	Adam9
mmu-miR-126a-3p	Itga11
mmu-miR-29a-5p	Mcl1
mmu-miR-182-5p	Akt1
mmu-miR-182-5p	Ctbp2
mmu-miR-92a-2-5p	Tnfrsf1a
mmu-miR-451a	Irf8
mmu-miR-467g	Runx2
mmu-miR-155-3p	Socs1
mmu-miR-155-3p	Mitf
mmu-miR-20a-5p	TGFBR2
mmu-miR-24-2-5p	Trib3
mmu-miR-181c-5p	DPYSL2
mmu-miR-141-3p	Igf2
mmu-miR-200a-3p	Igf2
mmu-let-7e-5p	Col1a1
mmu-let-7e-5p	Col1a2
mmu-let-7e-5p	Col3a1
mmu-let-7e-5p	Col24a1
mmu-let-7e-5p	Itga1
mmu-let-7e-5p	Itga4
mmu-let-7e-5p	Scd1
mmu-let-7e-5p	Thbs1
mmu-miR-33-3p	Arg1
mmu-miR-10a-3p	Creb1
mmu-miR-34b-3p	Ldha
mmu-miR-449a-3p	Ldha
mmu-miR-29b-1-5p	Pdgfrb
mmu-miR-29b-1-5p	Akt1
mmu-miR-29b-1-5p	Fn1
mmu-miR-29b-1-5p	Gli1
mmu-miR-29b-1-5p	Acta2
mmu-miR-29b-1-5p	Col1a2
mmu-miR-146a-3p	Notch1
mmu-miR-146a-3p	Erbb4
mmu-miR-181c-3p	Foxo1
mmu-miR-17-5p	Tcf7l2
mmu-miR-365-3p	Kcnh2
mmu-miR-196a-5p	Tgfbr2
mmu-miR-196b-5p	Tgfbr2
mmu-miR-504-5p	Grb10
mmu-miR-504-5p	Egr2
mmu-miR-24-3p	MAPK7
mmu-miR-21a-5p	Sox5
mmu-miR-99b-5p	Mfge8
mmu-miR-214-3p	Atg12
mmu-miR-33-3p	Abca1
mmu-miR-26a-5p	Tug1
mmu-miR-133a-5p	Rbpj
mmu-miR-181a-5p	Idh1
mmu-miR-155-3p	Ces3a
mmu-miR-19a-3p	Fzd4
mmu-miR-19a-3p	Lrp6
mmu-miR-423-3p	Cox6a2
mmu-miR-423-3p	Ndufb7
mmu-miR-423-3p	Ndufs5
mmu-miR-146b-5p	Notch1
mmu-miR-29a-3p	Tet1
mmu-miR-188-3p	ATG7
mmu-miR-30b-3p	Ppif
mmu-miR-139-5p	Notch1
mmu-miR-139-5p	Irs1
mmu-miR-3090-5p	Igf1
mmu-miR-346-3p	Igf1
mmu-miR-494-3p	Igf1
mmu-miR-200b-3p	Cited2
mmu-miR-132-3p	Mapt
mmu-miR-499-5p	Pten
mmu-miR-223-3p	KRT3
mmu-miR-7a-5p	Myrip
mmu-miR-7a-5p	Pax6
mmu-miR-153-3p	Cltc
mmu-miR-153-3p	Clcn4
mmu-miR-153-3p	Slc4a4
mmu-miR-467a-5p	Bax
mmu-miR-376b-3p	Nfkbiz
mmu-miR-376b-3p	Stat3
mmu-miR-148a-3p	Wnt1
mmu-miR-155-5p	Arntl
mmu-miR-1a-3p	Bdnf
mmu-miR-144-3p	Traf6
mmu-miR-29a-3p	Cd36
mmu-miR-29a-3p	Slc2a4
mmu-miR-214-3p	Pten
mmu-miR-17-3p	Txnip
mmu-miR-497a-5p	Reck
mmu-miR-125b-5p	RYBP
mmu-miR-96-3p	Insr
mmu-miR-96-3p	Ins1
mmu-miR-92a-3p	Ezh2
mmu-miR-132-3p	Sox4
mmu-miR-31-5p	Vav3
mmu-miR-31-5p	Stk40
mmu-miR-410-5p	Il6
mmu-miR-181b-1-3p	Alox15
mmu-miR-877-3p	Smad7
mmu-miR-9-3p	Scn2b
mmu-miR-27a-5p	Zc3h12a
mmu-miR-26a-1-3p	Ctgf
mmu-miR-378a-3p	Mapk1
mmu-miR-128-3p	Dcx
mmu-miR-193b-3p	RAD51
mmu-miR-23a-3p	Tnfaip3
mmu-miR-23a-3p	Jak1
mmu-miR-23a-3p	Stat6
mmu-miR-27a-3p	Irf4
mmu-miR-19b-3p	Gja1
mmu-miR-615-5p	Msx2
mmu-miR-615-5p	Hoxa7
mmu-miR-615-5p	Mbp
mmu-miR-615-5p	Lin28a
mmu-miR-615-5p	Cdkn2a
mmu-miR-615-5p	Igf2
mmu-miR-124-5p	Dll1
mmu-miR-124-5p	Sox9
mmu-miR-124-5p	Zic2
mmu-miR-124-5p	Fabp7
mmu-miR-124-5p	Hopx
mmu-miR-124-5p	Pou5f1
mmu-miR-124-5p	Dicer1
mmu-miR-124-5p	Fgf8
mmu-miR-124-5p	Cdh1
mmu-miR-124-5p	Vax2
mmu-miR-124-5p	Dlk1
mmu-miR-124-5p	Ntrk2
mmu-miR-143-5p	Apc
mmu-miR-143-5p	Fosl1
mmu-miR-143-5p	Dnmt3b
mmu-miR-34a-5p	FNDC5
mmu-miR-27a-3p	MEF2C
mmu-miR-223-3p	Lif
mmu-miR-126a-3p	Dnmt1
mmu-miR-126a-3p	Vegfa
mmu-miR-15b-5p	Nr2c2
mmu-miR-200b-3p	Jun
mmu-miR-200c-3p	Jun
mmu-miR-203-5p	Glrb
mmu-miR-146a-3p	Irak1
mmu-miR-146a-3p	Traf6
mmu-miR-19a-3p	PTEN
mmu-miR-150-5p	Akt1
mmu-miR-155-3p	Dnajb1
mmu-miR-155-3p	Dnajb2
mmu-miR-144-3p	Pten
mmu-miR-144-3p	Spred1
mmu-miR-98-5p	Wnt1
mmu-miR-151-5p	Il4ra
mmu-miR-16-5p	Cd274
mmu-miR-204-5p	Sirt1
mmu-miR-34c-5p	LGR4
mmu-miR-34a-5p	Syt1
mmu-miR-34a-5p	Atg9a
mmu-miR-34b-5p	Met
mmu-miR-340-5p	Met
mmu-miR-148a-3p	Met
mmu-miR-301a-3p	Pten
mmu-miR-140-3p	Fn1
mmu-miR-138-5p	Birc5
mmu-miR-29a-3p	Eomes
mmu-miR-29a-3p	Tbx21
mmu-miR-130a-3p	Irf1
mmu-miR-130a-3p	Il6st
mmu-miR-18a-5p	Igf1
mmu-miR-467b-5p	Slc17a6
mmu-miR-24-3p	Tcf7
mmu-miR-34a-5p	Wasf1
mmu-miR-342-5p	GFAP
mmu-miR-142a-5p	Becn1
mmu-miR-27a-3p	Wnt3a
mmu-miR-28a-5p	Pdk1
mmu-miR-34a-5p	SIRT1
mmu-miR-138-5p	SIRT1
mmu-miR-205-5p	Ddit3
mmu-miR-484	PCDH19
mmu-miR-148a-3p	Pten
mmu-miR-709	Gsk3b
mmu-miR-7a-5p	Klf4
mmu-miR-29b-3p	Vegfa
mmu-miR-511-5p	Tnfrsf1a
mmu-miR-96-5p	Sdc2
mmu-miR-141-5p	Sdc2
mmu-miR-183-5p	Sdc2
mmu-miR-200c-5p	Sdc2
mmu-miR-182-5p	Myod1
mmu-miR-152-3p	Pten
mmu-miR-375-3p	Pdk1
mmu-miR-124-3p	CAV1
mmu-miR-200b-5p	ARHGDIA
mmu-miR-23a-5p	Pten
mmu-miR-23a-5p	Casp7
mmu-miR-27a-5p	Foxo1
mmu-miR-181b-5p	NOTCH1
mmu-miR-20a-5p	Rest
mmu-miR-29b-1-5p	Sox4
mmu-miR-449a-5p	Lef1
mmu-miR-206-3p	Pim1
mmu-miR-145a-5p	CBFB
mmu-miR-195a-5p	Ccne1
mmu-miR-497a-5p	Ccne1
mmu-miR-497a-5p	Ccnd2
mmu-miR-195a-5p	Ccnd2
mmu-miR-193b-3p	Kit
mmu-miR-199a-5p	Ctgf
mmu-miR-17-5p	Egln1
mmu-miR-20a-5p	Egln1
mmu-miR-214-3p	Ctgf
mmu-miR-182-5p	Tlr4
mmu-miR-155-5p	SOCS1
mmu-miR-429-3p	Bcl2
mmu-miR-329-3p	Dlk1
mmu-miR-134-5p	Cd86
mmu-miR-101a-3p	Ackr3
mmu-miR-9-5p	Mycn
mmu-miR-126a-3p	Errfi1
mmu-miR-126a-3p	Fzd7
mmu-miR-217-5p	Sirt1
mmu-miR-21a-5p	Rc3h1
mmu-miR-146a-5p	Rc3h1
mmu-miR-215-5p	Fndc3b
mmu-miR-215-5p	Ctnnbip1
mmu-miR-34c-5p	Vamp2
mmu-miR-27a-3p	Tlr4
mmu-miR-17-5p	Piwil2
mmu-miR-199a-5p	Ccnb1
mmu-miR-99b-5p	Mtor
mmu-miR-30a-3p	Tnrc6a
mmu-miR-30b-3p	Tnrc6a
mmu-miR-30c-1-3p	Tnrc6a
mmu-miR-455-5p	Calr
mmu-miR-203-3p	Myd88
mmu-miR-181b-5p	Il6
mmu-miR-133a-5p	Ilf3
mmu-miR-23a-3p	Apaf1
mmu-miR-146b-5p	Smad4
mmu-miR-17-3p	Hif1a
mmu-miR-17-3p	Vegfa
mmu-miR-146b-5p	IRF5
mmu-miR-376b-3p	Hoxd10
mmu-miR-30c-5p	FASN
mmu-miR-122-5p	Myc
mmu-miR-194-5p	CHD1
mmu-miR-192-5p	H3f3b
mmu-miR-204-5p	CYBB
mmu-miR-106b-5p	CYBB
mmu-miR-148b-3p	CYBB
mmu-miR-20b-5p	Zfp148
mmu-miR-23b-5p	Smad3
mmu-miR-101a-3p	Neurod1
mmu-miR-30b-5p	Neurod1
mmu-miR-202-3p	Ccr7
mmu-miR-26a-5p	COX2
mmu-miR-26b-5p	COX2
mmu-miR-181b-5p	Tgfb1
mmu-miR-125a-5p	Uvrag
mmu-miR-351-5p	Uvrag
mmu-miR-29c-3p	Bace1
mmu-miR-34a-3p	Foxo3
mmu-miR-125a-5p	Stat3
mmu-miR-125a-5p	Ifng
mmu-miR-125a-5p	Il13
mmu-miR-208a-3p	Sox6
mmu-miR-20a-5p	KDM6B
mmu-miR-21a-3p	RECK
mmu-miR-146a-5p	EGR1
mmu-miR-22-5p	Tiam1
mmu-miR-494-3p	Pten
mmu-miR-146a-3p	Camk2d
mmu-miR-146a-3p	Tgif1
mmu-miR-146a-5p	Ppp3r2
mmu-miR-146a-5p	Tgif1
mmu-miR-146a-5p	Camk2d
mmu-miR-211-5p	Ppm1k
mmu-miR-204-5p	Ppm1k
mmu-miR-124-3p	GRIA2
mmu-miR-107-3p	Cdk6
mmu-miR-223-3p	Il6
mmu-miR-181a-5p	Stat3
mmu-miR-421-5p	Pink1
mmu-miR-34c-5p	Jag1
mmu-miR-34c-5p	Notch1
mmu-miR-7b-5p	Klf4
mmu-miR-182-3p	Rtn4
mmu-miR-145b	Cited2
mmu-miR-204-5p	Ephb2
mmu-miR-204-5p	Grin1
mmu-miR-141-3p	MNX1
mmu-miR-200a-3p	MNX1
mmu-miR-669n	Senp6
mmu-miR-503-5p	Bmpr1a
mmu-miR-181a-5p	TGFB1
mmu-miR-696	Ppargc1a
mmu-miR-186-5p	Bace1
mmu-miR-30a-5p	Irf4
mmu-miR-150-5p	Zfp36l1
mmu-miR-150-5p	Elk1
mmu-miR-142a-3p	Hmgb1
mmu-miR-27b-3p	Elk1
mmu-miR-7a-5p	Ptk2
mmu-miR-146a-5p	VSIVgp2
mmu-miR-93-5p	VSIVgp2
mmu-miR-378a-5p	VSIVgp2
mmu-miR-24-3p	VSIVgp5
