TF	Gene
Aatf	Bak1
Aatf	Bax
Aatf	Bbc3
Aatf	Cdkn1a
Aatf	Tpt1
Aatf	Trp53
Abl1	Trp53
Abl1	Trp73
Aebp2	Jarid2
Aebp2	Snai2
Aes	Ihh
Ahr	Abcc4
Ahr	Apaf1
Ahr	Cyp19a1
Ahr	Cyp1a1
Ahr	Cyp1a2
Ahr	Cyp1b1
Ahr	E2f2
Ahr	Gata4
Ahr	Gsta1
Ahr	Il17a
Ahr	Il6
Ahr	Lhb
Ahr	Nkx2-5
Ahr	Nqo1
Ahr	Pla2g4a
Ahr	Ptgs2
Ahr	Serpinb2
Ahr	Sim1
Ahr	Smoc2
Ahr	Snai2
Ahr	Ugt1a6a
Ahr	Vav3
Aire	Bmp2
Aire	F11
Alx4	Fgf10
Ankrd1	Myl2
Ankrd1	Nppa
Apbb1	Lrp1
Apbb1	Notch1
Apc	Ctnnb1
Apc	Myc
Apc	Spp1
Apc	Tcf4
Apc	Trp53
Apex1	Apod
Apex1	Blk
Apex1	Ccl12
Apex1	Nfkb1
Apex1	Pax5
Apex1	Ptgs2
Apex1	Rela
Apex1	Tlr4
Ar	Ccr2
Ar	Cga
Ar	Fkbp5
Ar	Foxa1
Ar	Klkb1
Ar	Nkx3-1
Ar	Nr0b1
Ar	Psat1
Ar	Runx2
Ar	Scnn1a
Ar	Sox2
Ar	Tnf
Ar	rsl
Arid3a	Cr2
Arid3a	Igh
Arid3b	Igh
Arid5b	Sox9
Arl6ip5	Parp1
Arl6ip5	Xrcc1
Arnt	Atxn3
Arnt	Cyp1a1
Arnt	Cyp1a2
Arnt	Cyp1b1
Arnt	E2f2
Arnt	Sim1
Arnt	Th
Arntl	Bhlhe40
Arntl	Bhlhe41
Arntl	Ctnnb1
Arntl	Cxcl5
Arntl	Dbp
Arntl	Maoa
Arntl	Nfe2l2
Arntl	Per1
Arntl	Per2
Arntl	Tcf3
Arntl	Vwf
Arntl	Wnt10a
Arntl2	Thbd
Arx	Kdm5c
Arx	Shh
Ascl1	Bub1
Ascl1	Cdkn2d
Ascl1	Dll3
Ascl1	Dll4
Ascl1	Hes5
Ascl1	Pdgfra
Ascl1	Phox2a
Ascl1	Rnd3
Ascl1	Tph2
Ash1l	Tgfb1
Ash1l	Timp1
Asxl1	Fabp4
Atf1	Cebpb
Atf1	Hspa5
Atf1	Nudt1
Atf1	Thbs1
Atf2	Ccnd1
Atf2	Cebpa
Atf2	Entpd1
Atf2	Fgf21
Atf2	Fos
Atf2	Gabrb3
Atf2	Il23a
Atf2	Ins2
Atf2	Per1
Atf2	Pparg
Atf2	Rela
Atf2	Rhob
Atf2	Serpinb5
Atf2	Sox9
Atf2	Tnf
Atf2	Ucp1
Atf3	Atf3
Atf3	Ccnd1
Atf3	Gck
Atf3	Il12b
Atf3	Il6
Atf3	Pdx1
Atf3	Sort1
Atf3	Tnfrsf10b
Atf4	Bglap3
Atf4	Cdkn1a
Atf4	Cdkn1b
Atf4	Ddr2
Atf4	Fgf15
Atf4	Fgf2
Atf4	Hspa5
Atf4	Ihh
Atf4	Il6
Atf4	Mcm7
Atf4	Mir106b
Atf4	Sphk2
Atf4	Trib3
Atf6	Hspa5
Atf6	Wbp1
Atm	Cdkn1a
Atm	Sp7
Atm	Trp53
Atoh1	Barhl1
Atoh1	Hes6
Atoh1	Nr2f6
Atoh1	Pou4f3
Bach1	Hbb
Bach1	Hmox1
Bach1	Mmp1a
Bach1	Trp53
Bach2	Prdm1
Barx2	Acta2
Barx2	L1cam
Barx2	Pax1
Batf2	Ccl5
Batf2	Nos2
Batf2	Tnf
Batf3	Irf8
Bcl11a	Frzb
Bcl11b	Ahr
Bcl11b	Bcl2l1
Bcl11b	Cdkn1b
Bcl11b	Foxp3
Bcl11b	Gfi1
Bcl11b	Il10
Bcl11b	Notch1
Bcl11b	Runx3
Bcl11b	Zbtb7b
Bcl3	Ccnd1
Bcl3	Ctsl
Bcl3	Cxcl10
Bcl3	Fbxo32
Bcl3	Ifng
Bcl3	Il23a
Bcl3	Nfkb1
Bcl3	Nfkb2
Bcl3	Nos1
Bcl3	Runx1
Bcl3	Tnf
Bcl3	Tnfaip3
Bcl3	Tnfrsf12a
Bcl3	Trim63
Bcl3	Ubc
Bcl6	Batf
Bcl6	Bcl6
Bcl6	Cdkn1a
Bcl6	Cdkn1b
Bcl6	Cdkn2b
Bcl6	Csf1r
Bcl6	Gadd45a
Bcl6	Gata3
Bcl6	Hdac7
Bcl6	Ifng
Bcl6	Il17a
Bcl6	Il9
Bcl6	Mir21a
Bcl6	Myc
Bcl6	Prdm1
Bcl6	Rorc
Bcl6	Socs2
Bcl6	Tbx21
Bcl6b	Rbpj
Bhlhe40	Il2ra
Bmi1	Cdk1
Bmi1	Cdkn1a
Bmi1	Cdkn2a
Bmi1	Cdkn2d
Bmi1	Dkk1
Bmi1	E4f1
Bmi1	Hmga2
Bmi1	Ikzf1
Bmi1	Nanog
Bmi1	Nfkb1
Bmi1	Pmaip1
Bmi1	Pten
Bmp4	Chst11
Bmp6	Mycn
Brca1	Akt1
Brca1	Cdkn1a
Brca1	Hmga2
Brca1	Mad2l1
Brca1	Mdm2
Brca1	Rad51
Brca1	Sirt1
Brca1	Tpt1
Brca2	Cdkn1a
Btg2	Atoh1
Btg2	Creb1
Bub3	Apod
Cbfa2t3	Epb42
Cbx6	Ccne1
Ccnd1	Cdkn2a
Cd7	Nfkb1
Cdx1	Ccl25
Cdx1	Cdx2
Cdx1	Mafb
Cdx2	Ccl25
Cdx2	Cdh17
Cdx2	Cdx1
Cdx2	Cdx4
Cdx2	Glb1
Cdx2	Heph
Cdx2	Kitl
Cdx2	Mgam
Cdx2	Nanog
Cdx2	Pou5f1
Cdx2	Shh
Cdx2	Sis
Cdx2	Xist
Cdx4	Hoxa9
Cebpa	Abca3
Cebpa	Alb
Cebpa	Aldh3a1
Cebpa	Amelx
Cebpa	Apod
Cebpa	Bcl2
Cebpa	Cflar
Cebpa	Clu
Cebpa	Crabp2
Cebpa	Elane
Cebpa	Il12b
Cebpa	Il4
Cebpa	Lpin1
Cebpa	Mstn
Cebpa	Nfkb1
Cebpa	Nos2
Cebpa	Nr1h3
Cebpa	Pck1
Cebpa	Prtn3
Cebpa	Ptgs2
Cebpa	Scgb1a1
Cebpa	Slc2a4
Cebpa	Spi1
Cebpa	Zbtb16
Cebpb	Abl1
Cebpb	Abl2
Cebpb	Alb
Cebpb	Aldh3a1
Cebpb	Atf3
Cebpb	Bcl2
Cebpb	Bglap
Cebpb	Btg2
Cebpb	Cdkn1a
Cebpb	Cebpa
Cebpb	Clu
Cebpb	Cr2
Cebpb	Csf1r
Cebpb	Csf3
Cebpb	Csn2
Cebpb	Cxcr4
Cebpb	Cyr61
Cebpb	Fos
Cebpb	Foxf1
Cebpb	Gsta2
Cebpb	H2-K1
Cebpb	Hgf
Cebpb	Id2
Cebpb	Il1b
Cebpb	Il5ra
Cebpb	Il6
Cebpb	Insr
Cebpb	Mafb
Cebpb	Myc
Cebpb	Pck1
Cebpb	Pparg
Cebpb	Ppargc1a
Cebpb	Ptgs1
Cebpb	Ptgs2
Cebpb	Runx2
Cebpb	Scgb1a1
Cebpb	Serpine1
Cebpb	Slc10a1
Cebpb	Snrpn
Cebpb	Socs3
Cebpb	Trp53
Cebpb	Ucp1
Cebpe	Mxd1
Cebpg	Cebpa
Cebpg	Cebpb
Cebpg	Il6
Cebpz	Hspa1b
Chd1	Ubtfl1
Chd4	Cd4
Chd4	Id2
Chd4	Jun
Chd4	Ngfr
Chd7	Gli3
Chd7	Jag1
Chd7	Mycn
Chd7	Sox11
Chd7	Sox4
Chd8	Brca1
Chd8	Myc
Chd8	Stat3
Chd8	Tcf4
Ciita	Col1a2
Ciita	Nfatc1
Ciita	Oscar
Cited2	Cebpa
Cited2	Fgf9
Cited2	Ldhb
Cited2	Ldhd
Cited2	Mmp9
Cited2	Nr5a1
Cited2	Pdk2
Cited2	Pdk4
Cited2	Pparg
Cited2	Smad3
Cited2	Wnt4
Clock	Bhlhe40
Clock	Bhlhe41
Clock	Cry1
Clock	Cry2
Clock	Dbp
Clock	Nampt
Clock	Nr0b2
Clock	Per1
Clock	Per2
Clock	Scnn1a
Clock	Serpine1
Clock	Serpine2
Clock	Thbd
Clock	Tpo
Clock	Vwf
Cnot3	Myc
Cnot3	Zfx
Cnot7	Tob1
Cops5	Hand2
Creb1	Acsl4
Creb1	Bcl2
Creb1	Cftr
Creb1	Cldn11
Creb1	Crtc2
Creb1	Entpd1
Creb1	Esr1
Creb1	Etv2
Creb1	Etv3
Creb1	Fos
Creb1	Hspa5
Creb1	Il10
Creb1	Ldha
Creb1	Mif
Creb1	Mitf
Creb1	Nectin2
Creb1	Nf1
Creb1	Nfkbiz
Creb1	Nmnat2
Creb1	Noct
Creb1	Nrf1
Creb1	Pde3b
Creb1	Penk
Creb1	Ppargc1a
Creb1	Ppm1d
Creb1	Prkce
Creb1	Ptgs2
Creb1	Ren1
Creb1	Slc20a1
Creb1	Slc2a3
Creb1	Twist1
Creb3	Apoa4
Creb3	Herpud1
Creb3l1	Gcm1
Creb3l1	Mmp3
Creb3l1	Slc1a4
Creb3l3	Hamp
Creb3l3	Smurf1
Creb3l4	Edem1
Crebbp	Alx1
Crebbp	Bcl2
Crebbp	Birc5
Crebbp	Clock
Crebbp	Crebbp
Crebbp	Crx
Crebbp	Cryab
Crebbp	Cyp11a1
Crebbp	Ep300
Crebbp	Esr1
Crebbp	F7
Crebbp	Fos
Crebbp	Fosb
Crebbp	Foxp3
Crebbp	Fth1
Crebbp	Gh
Crebbp	Grip1
Crebbp	Hgf
Crebbp	Hinfp
Crebbp	Hmox1
Crebbp	Ifnb1
Crebbp	Il6
Crebbp	Krt16
Crebbp	Ldha
Crebbp	Med1
Crebbp	Mt1
Crebbp	Myh1
Crebbp	Nfkb1
Crebbp	Nfya
Crebbp	Nfyb
Crebbp	Npas2
Crebbp	Per1
Crebbp	Rs1
Crebbp	Setdb1
Crebbp	Socs3
Crebbp	Spib
Crebbp	Sst
Crebbp	Star
Crebbp	Tdgf1
Crebbp	Tnf
Crebbp	Trp53
Crebzf	Adipoq
Crem	Ren1
Crtc1	Creb1
Crx	Fam161a
Crx	Kcnv2
Crx	Nr2e3
Crx	Pde6a
Crx	Pde6b
Crx	Rbp3
Crx	Rho
Crx	Rs1
Crx	Sag
Crx	Samd11
Crx	Samd7
Cry1	Per2
Csf1	Cd36
Csf2	Itgb3
Ctcf	Atxn7
Ctcf	Celsr3
Ctcf	Csf2
Ctcf	Igf2
Ctcf	Irak2
Ctcf	Mgat5b
Ctcf	Pax6
Ctcfl	Gal3st1
Ctf1	Tgfb1
Ctnnb1	Atoh1
Ctnnb1	Axin2
Ctnnb1	Bcl2l1
Ctnnb1	Bglap
Ctnnb1	Bglap2
Ctnnb1	Birc5
Ctnnb1	Bmp4
Ctnnb1	Casp3
Ctnnb1	Ccl7
Ctnnb1	Ccnd1
Ctnnb1	Ccne1
Ctnnb1	Cdh1
Ctnnb1	Cdx1
Ctnnb1	Cdx2
Ctnnb1	Cdx4
Ctnnb1	Cyp19a1
Ctnnb1	Cyp2b10
Ctnnb1	E2f1
Ctnnb1	Ephb2
Ctnnb1	Fas
Ctnnb1	Fgf8
Ctnnb1	Fgfbp1
Ctnnb1	Foxa2
Ctnnb1	Foxj1
Ctnnb1	Gast
Ctnnb1	Gja1
Ctnnb1	Glul
Ctnnb1	Grem2
Ctnnb1	Ihh
Ctnnb1	Inha
Ctnnb1	Isl1
Ctnnb1	Lect2
Ctnnb1	Lef1
Ctnnb1	Lhb
Ctnnb1	Met
Ctnnb1	Mitf
Ctnnb1	Mmp13
Ctnnb1	Mmp7
Ctnnb1	Myc
Ctnnb1	Mycn
Ctnnb1	Myf5
Ctnnb1	Nanog
Ctnnb1	Neurog1
Ctnnb1	Nr0b1
Ctnnb1	Otx2
Ctnnb1	Pdgfra
Ctnnb1	Pitx2
Ctnnb1	Pml
Ctnnb1	Ppard
Ctnnb1	Ptgs2
Ctnnb1	Rapsn
Ctnnb1	Runx2
Ctnnb1	Slc2a1
Ctnnb1	Smc3
Ctnnb1	Tbx3
Ctnnb1	Tcf4
Ctnnb1	Twist1
Ctnnb1	Vegfa
Ctnnb1	Vegfd
Ctnnb1	Wisp1
Ctnnb1	Wnt1
Ctnnb1	Wnt4
Ctr9	Il6
Cux1	Atp6v1e2
Cux1	Ccna2
Cux1	Cdkn1a
Cux1	Cdkn1b
Cux1	Dctn6
Cux1	Fam89b
Cux1	Hist2h4
Cux1	Mar1
Cux1	Myc
Cux1	Ncam1
Cux1	Pola1
Cux1	Runx2
Cux1	Sis
Cux2	Cdkn1b
Dab2	Axin1
Dach1	Ccnd1
Dach1	Cdkn1b
Dach1	Cxcl15
Dach1	Klf4
Dach1	Lin28a
Dach1	Nanog
Dach1	Sox2
Dach2	Myog
Daxx	Birc2
Daxx	Birc3
Daxx	Mapk8ip1
Daxx	Nr5a1
Daxx	Trp53
Dbp	Arnt
Dbp	Bik
Dbp	Per1
Ddit3	Bbc3
Ddit3	Nos3
Ddx5	Igf2
Ddx54	Mbp
Ddx58	Ifnb1
Deaf1	Eif4g3
Dlx1	Arx
Dlx2	Amelx
Dlx2	Arx
Dlx2	Dlx6
Dlx2	Foxj1
Dlx2	Nrp2
Dlx2	Pagr1a
Dlx3	Bglap
Dlx3	Dspp
Dlx3	Hsd3b6
Dlx3	Mmp9
Dlx3	Pgf
Dlx3	Runx2
Dlx5	Alpl
Dlx5	Dspp
Dlx5	Gbx2
Dlx5	Ibsp
Dlx5	Igfbp3
Dlx5	Myc
Dlx5	Runx2
Dlx5	Sp7
Dlx5	Wnt5a
Dmap1	Bmi1
Dmbx1	Crx
Dmbx1	Otx1
Dmbx1	Otx2
Dmp1	Trp53
Dmrt1	Sox2
Dmrt2	Myf5
Dmtf1	Areg
Dmtf1	Ccnd2
Dmtf1	Cdkn2a
Dmtf1	Egr1
Dmtf1	Ets1
Dmtf1	Ets2
Dmtf1	Junb
Dmtf1	Tsp1
Dnajc2	Id1
Dnmt1	Cdkn1a
Dnmt1	Dnmt1
Dnmt1	Epcam
Dnmt1	Mt1
Dnmt1	Trp53
Dnmt3a	Dpp6
Dnmt3a	Ifng
Dnmt3a	Mdm2
Dnmt3a	Mt1
Dnmt3a	Nanog
Dnmt3a	Pou5f1
Dnmt3a	Rb1
Dnmt3a	Vtn
Dnmt3b	Nanog
Dnmt3b	Pou5f1
Dnmt3b	Vtn
Dot1l	Scnn1a
Dtx1	Smarcc1
E2f1	Apaf1
E2f1	Atm
E2f1	Atp6v1e2
E2f1	Bcl2
E2f1	Bid
E2f1	Bin1
E2f1	Bmi1
E2f1	Ccna2
E2f1	Ccnd1
E2f1	Cdkn1a
E2f1	Cdkn2a
E2f1	Cdkn2c
E2f1	Ddb2
E2f1	Dhfr
E2f1	Dlx1
E2f1	Dlx2
E2f1	Dnmt1
E2f1	Egr1
E2f1	Fbn2
E2f1	Gins3
E2f1	Hinfp
E2f1	Hmga1
E2f1	Mcl1
E2f1	Mcm8
E2f1	Mertk
E2f1	Mxd3
E2f1	Mycn
E2f1	Myh10
E2f1	Nfe2l2
E2f1	Nfkb1
E2f1	Nos2
E2f1	Nox4
E2f1	Npat
E2f1	Nrp1
E2f1	Pcna
E2f1	Pdgfra
E2f1	Pdk4
E2f1	Pola1
E2f1	Pura
E2f1	Rb1
E2f1	Siva1
E2f1	Tapbp
E2f1	Tgfb2
E2f1	Tk1
E2f1	Tlr3
E2f1	Tpt1
E2f1	Trp53
E2f1	Trp73
E2f1	Vegfa
E2f2	Cdkn2a
E2f2	Chek1
E2f2	Ece1
E2f2	Fgfr2
E2f2	Mcm5
E2f3	Cdkn2a
E2f3	Ddb2
E2f3	Fgf2
E2f3	Igf2
E2f3	Mycn
E2f3	Pmp2
E2f3	Tfe3
E2f4	Brca1
E2f4	E2f2
E2f4	Fgf2
E2f4	Map1lc3b
E2f4	Mybl2
E2f4	Mycn
E2f4	Plk4
E2f4	Rad51
E2f4	Rb1
E2f4	Stmn1
E2f5	Mir449a
E2f8	E2f1
E4f1	Ccna2
E4f1	Ids
Ebf1	Blk
Ebf1	Cd79a
Ebf1	Igll1
Ebf1	Omp
Ebf1	Pax5
Ebf1	Pparg
Ebf1	Tac4
Ebf1	Zfp423
Ebf1	Zfp521
Edn1	Ren1
Egr1	Ache
Egr1	Bax
Egr1	Birc5
Egr1	Bnip3
Egr1	Cacna1h
Egr1	Cat
Egr1	Ccl2
Egr1	Ccnd1
Egr1	Ccnd2
Egr1	Cdk5r1
Egr1	Cdkn1c
Egr1	Cdkn2d
Egr1	Chrna7
Egr1	Crebbp
Egr1	Cxcl2
Egr1	Eno1
Egr1	Epo
Egr1	F3
Egr1	Fas
Egr1	Fgf2
Egr1	Gadd45a
Egr1	Gadd45b
Egr1	Ggps1
Egr1	Gnrh1
Egr1	Hsd11b2
Egr1	Icam1
Egr1	Id3
Egr1	Ifngr1
Egr1	Igf1r
Egr1	Il12a
Egr1	Il1b
Egr1	Il2
Egr1	Il4
Egr1	Itga7
Egr1	Itgb6
Egr1	Jun
Egr1	Jund
Egr1	Lhb
Egr1	Ltb
Egr1	Map1lc3b
Egr1	Mapk14
Egr1	Mapk8
Egr1	Met
Egr1	Mmp14
Egr1	Mmp9
Egr1	Ndrg1
Egr1	Ngb
Egr1	Ngfr
Egr1	Nr4a1
Egr1	Ntrk1
Egr1	Pdx1
Egr1	Pnmt
Egr1	Ppp1r1b
Egr1	Pten
Egr1	Ptges
Egr1	Ptges2
Egr1	Ptprz1
Egr1	Rcan1
Egr1	Serpine1
Egr1	Smad7
Egr1	Socs1
Egr1	Stim1
Egr1	Syn2
Egr1	Tgfbr2
Egr1	Th
Egr1	Thbs1
Egr1	Tk1
Egr1	Tnf
Egr1	Trp53
Egr1	Trp73
Egr1	Wnt4
Egr2	Cbl
Egr2	Cebpb
Egr2	Fasl
Egr2	Hoxa2
Egr2	Hoxb1
Egr2	Hoxb2
Egr2	Id2
Egr2	Id4
Egr2	Il2rb
Egr2	Mpz
Egr2	Nab1
Egr2	Nab2
Egr2	Ncmap
Egr2	Zbtb16
Egr3	Fasl
Egr3	Ifngr1
Egr3	Ngfr
Egr4	Nfkb1
Egr4	Slc12a5
Ehf	Tlr11
Ehmt1	Ccnd1
Ehmt2	Ccnd1
Ehmt2	Cdkn1a
Ehmt2	Fgf21
Ehmt2	Pou5f1
Ehmt2	Pparg
Ehmt2	Wnt10a
Eif2ak2	Stat1
Elf1	Cd1d1
Elf1	Csf1r
Elf1	Dntt
Elf1	Epha7
Elf1	Fcer1a
Elf1	Fcer1g
Elf1	Fli1
Elf1	Il3
Elf1	Lyl1
Elf1	Rhox5
Elf1	Tal1
Elf1	Tollip
Elf2	Cd3d
Elf3	Angpt1
Elf3	Tgfb1
Elf3	Tgfbr2
Elf3	Tlr11
Elf4	Bglap
Elf4	Dlx5
Elf4	Mab21l1
Elf4	Msx2
Elf4	Trp53
Elf5	Ccnd2
Elf5	Stat5a
Elk1	Egr1
Elk1	Fos
Elk1	Hmox1
Elk1	Il6
Elk1	Mylk
Elk1	Mylk3
Elk1	Tbp
Elk3	Nos2
Elk3	Pcyt1a
Elk3	Serpine1
Ell3	Trp53
Ell3	Zeb1
Ell3	Zeb2
Elp2	Pou5f1
Elp3	Pou5f1
Emx2	Alx1
Emx2	Pax6
En1	Elf1
En1	Gbx2
En1	Pax5
En1	Wnt7a
En2	Pax5
Eomes	Ebf1
Eomes	Il17a
Eomes	Mesp1
Eomes	Prf1
Eomes	Rorc
Eomes	Sox2
Ep300	Aldh3a1
Ep300	Axin2
Ep300	Bglap
Ep300	Birc5
Ep300	COX2
Ep300	Cav3
Ep300	Ccnb2
Ep300	Ccnd1
Ep300	Cdkn1a
Ep300	Chrne
Ep300	Clock
Ep300	Col1a2
Ep300	Col2a1
Ep300	Cpt1b
Ep300	Creb1
Ep300	Cryab
Ep300	Dnmt1
Ep300	Edn1
Ep300	F7
Ep300	Fasn
Ep300	Flt4
Ep300	Fn1
Ep300	Fos
Ep300	Gata4
Ep300	Hinfp
Ep300	Hmox1
Ep300	Hrh4
Ep300	Il6
Ep300	Irf2
Ep300	Irs1
Ep300	Klf5
Ep300	Ldha
Ep300	Mef2c
Ep300	Mmp2
Ep300	Mmp9
Ep300	Mt1
Ep300	Myb
Ep300	Myod1
Ep300	Neurod1
Ep300	Nos2
Ep300	Npas2
Ep300	Npr1
Ep300	Nr0b2
Ep300	Nr1h4
Ep300	Pou5f1
Ep300	Pparg
Ep300	Ptgs2
Ep300	Rarb
Ep300	Rs1
Ep300	Scd1
Ep300	Smad3
Ep300	Socs3
Ep300	Spp1
Ep300	Stat5a
Ep300	Tapbp
Ep300	Tff2
Ep300	Tnfsf10
Ep300	Tnfsf13b
Ep300	Txnip
Ep300	Wnt4
Epas1	Abcg2
Epas1	Cdh5
Epas1	Cited2
Epas1	Col10a1
Epas1	Efna1
Epas1	Epo
Epas1	Flt1
Epas1	Fxn
Epas1	Kdr
Epas1	Pou5f1
Epas1	Runx2
Epas1	Serpine1
Epas1	Vcam1
Epc1	Tagln
Epo	Osm
Epor	Cish
Erf	Utrn
Erg	Cdh5
Erg	Erg
Erg	Icam2
Erg	Lyl1
Erg	Snai1
Erg	Snai2
Erg	Vim
Erg	Vwf
Esr1	Bmp2
Esr1	Casp12
Esr1	Ccnd1
Esr1	Cdkn1a
Esr1	Cyp19a1
Esr1	Esrra
Esr1	F12
Esr1	Fasl
Esr1	Fos
Esr1	H19
Esr1	Igf1
Esr1	Ltf
Esr1	Myc
Esr1	Nell2
Esr1	Nr0b2
Esr1	Nrf1
Esr1	Pik3r1
Esr1	Pou3f1
Esr1	Pparg
Esr1	Ptgs1
Esr1	Slc2a4
Esr1	Slc7a1
Esr1	Srebf1
Esr1	Stat3
Esr1	Stat5a
Esr1	Tac2
Esr1	Th
Esr1	Tnfsf11
Esr1	Vegfa
Esr2	Akt1
Esr2	Ar
Esr2	Bcl2
Esr2	Bmp2
Esr2	Casp3
Esr2	Casp8
Esr2	Igf1r
Esr2	Mapk1
Esr2	Mapk3
Esr2	Mapk8
Esr2	Nell2
Esr2	Pparg
Esr2	Ptgds
Esr2	Ptgs1
Esr2	Slc2a4
Esr2	Stat5a
Esr2	Vegfa
Esrra	Acadm
Esrra	Apoa4
Esrra	Nrip1
Esrra	Ppara
Esrra	Ppargc1a
Esrra	Rb1cc1
Esrra	Spp1
Esrra	Trp53
Esrrb	Nanog
Esrrb	Nr0b1
Esrrb	Usp17le
Esrrg	Mir127
Esrrg	Mir433
Esrrg	Nr0b1
Esrrg	Yy1
Ets1	Angpt2
Ets1	Anpep
Ets1	Bmp4
Ets1	Ccl2
Ets1	Cd3d
Ets1	Cd4
Ets1	Cdh5
Ets1	Cdkn2a
Ets1	Csf1r
Ets1	Csf3r
Ets1	Ctgf
Ets1	Ebf1
Ets1	Egr1
Ets1	Emsy
Ets1	Erg
Ets1	Fli1
Ets1	Fos
Ets1	Foxp3
Ets1	Hmox1
Ets1	Ighm
Ets1	Ikzf1
Ets1	Il10
Ets1	Il5
Ets1	Il7r
Ets1	Itga2b
Ets1	Kdr
Ets1	Krt8
Ets1	Ltbr
Ets1	Met
Ets1	Mir126a
Ets1	Mmp13
Ets1	Mmp1a
Ets1	Mmp3
Ets1	Mmp9
Ets1	Nos3
Ets1	Npr1
Ets1	Nr2f1
Ets1	Nr2f2
Ets1	Oprd1
Ets1	Pcyt1a
Ets1	Pf4
Ets1	Prdm1
Ets1	Ptgs2
Ets1	Retnla
Ets1	Rnf11
Ets1	Runx2
Ets1	Runx3
Ets1	Sell
Ets1	Serpinb5
Ets1	Sh2d1a
Ets1	Spp1
Ets1	Tbx21
Ets1	Tgfbr2
Ets1	Thbd
Ets1	Timp1
Ets1	Tlr4
Ets1	Vegfa
Ets1	Vwf
Ets1	Zeb1
Ets2	Bcl2l1
Ets2	Cd4
Ets2	Cdkn2a
Ets2	Csf1r
Ets2	Csf3r
Ets2	Dusp6
Ets2	Egr1
Ets2	Erg
Ets2	Etv4
Ets2	Fli1
Ets2	Flt4
Ets2	Hmox1
Ets2	Hmox2
Ets2	Ifne
Ets2	Jun
Ets2	Kit
Ets2	Krt8
Ets2	Mdm2
Ets2	Mir126a
Ets2	Nab2
Ets2	Nos2
Ets2	Pcyt1a
Ets2	Setdb1
Ets2	Sh2d1a
Ets2	Stab1
Ets2	Tlr13
Etv1	Ebf1
Etv1	Fgf10
Etv1	Nab2
Etv1	Pomc
Etv1	Th
Etv2	Fli1
Etv2	Lmo2
Etv2	Plau
Etv2	Sox9
Etv2	Spi1
Etv2	Tek
Etv4	Ccnd2
Etv4	Dusp6
Etv4	Erbb2
Etv4	Gpx5
Etv4	Mmp3
Etv4	Mmp7
Etv4	Mmp9
Etv4	Mta2
Etv4	Plau
Etv4	Ptgs2
Etv4	Tert
Etv4	Tgfbr2
Etv4	Twist1
Etv4	Vim
Etv4	Zhx1
Etv5	Cav1
Etv5	Elmo1
Etv5	Il17a
Etv5	Il17f
Etv5	Parg
Etv5	Ptgs2
Etv6	Fli1
Etv6	Mmp3
Ewsr1	Fgf10
Ewsr1	Tert
Ewsr1	Upp1
Eya1	Atoh1
Eya2	Mtor
Ezh1	Tollip
Ezh2	Bad
Ezh2	Bcl2l11
Ezh2	Ccna2
Ezh2	Creb3l1
Ezh2	Dkk1
Ezh2	Hey2
Ezh2	Il17a
Ezh2	Il17f
Ezh2	Il9
Ezh2	Nanog
Ezh2	Neurog1
Ezh2	Tbx21
Ezh2	Trp53
Ezh2	Unc5b
Fhl2	Fos
Fli1	Ccl2
Fli1	Cyr61
Fli1	Erg
Fli1	Ezh2
Fli1	Fli1
Fli1	Inpp5d
Fli1	Itga2b
Fli1	Lyl1
Fli1	Mmp13
Fli1	Rb1
Fli1	Smad6
Fli1	Tert
Fli1	Upp1
Fmr1	Rac1
Fos	Acp5
Fos	Bdnf
Fos	Bmp2
Fos	Ccl5
Fos	Crh
Fos	Csf3
Fos	Cxcl15
Fos	Dcstamp
Fos	Egr1
Fos	Fam89b
Fos	Fos
Fos	Gnrh1
Fos	Gria1
Fos	Grik2
Fos	H2-K1
Fos	Hmgcr
Fos	Ifne
Fos	Igk
Fos	Il1rl1
Fos	Il2
Fos	Il27
Fos	Il6
Fos	Jun
Fos	Krt18
Fos	Mapk8
Fos	Mmp2
Fos	Mmp9
Fos	Mt1
Fos	Nacc1
Fos	Nck2
Fos	Nefl
Fos	Nfatc1
Fos	Nfe2l2
Fos	Ngf
Fos	Nos2
Fos	Nr3c1
Fos	Pdpn
Fos	Penk
Fos	Plau
Fos	Pomc
Fos	Ppp1r3b
Fos	Slc10a2
Fos	Socs3
Fos	Spi1
Fos	Src
Fos	Srr
Fos	Srxn1
Fos	Star
Fos	Stim1
Fos	Tff2
Fos	Tgfb1
Fos	Tinagl1
Fos	Tpsab1
Fos	Trp53
Fos	Tslp
Fos	Wee1
Fosb	Cdh1
Fosb	Fos
Fosb	Mmp2
Fosl1	Fos
Fosl1	Jun
Fosl1	Mmp2
Fosl1	Nfe2l2
Fosl1	Prdm1
Fosl1	Thbs1
Fosl1	Thbs2
Fosl2	Adipoq
Fosl2	Relb
Fosl2	Tcirg1
Fosl2	Tgfb1
Fosl2	Tgfb3
Foxa1	Afp
Foxa1	Cbx5
Foxa1	Gcg
Foxa1	Muc2
Foxa1	Pdx1
Foxa1	Scgb1a1
Foxa1	Sftpa1
Foxa1	Sftpb
Foxa1	Sftpc
Foxa1	Sftpd
Foxa2	Ascl1
Foxa2	Birc2
Foxa2	Cbx5
Foxa2	Ccl11
Foxa2	Ccl20
Foxa2	Cdc73
Foxa2	Cpt1a
Foxa2	Cul2
Foxa2	Ferd3l
Foxa2	G6pc
Foxa2	G6pc2
Foxa2	Gcg
Foxa2	Gli2
Foxa2	Hadh
Foxa2	Hcrt
Foxa2	Helt
Foxa2	Hhex
Foxa2	Hmgcs2
Foxa2	Il13
Foxa2	Il33
Foxa2	Il4
Foxa2	Lcn5
Foxa2	Lmx1a
Foxa2	Lmx1b
Foxa2	Map1b
Foxa2	Mchr1
Foxa2	Msx1
Foxa2	Muc2
Foxa2	Otx1
Foxa2	Otx2
Foxa2	Pdx1
Foxa2	Pgf
Foxa2	Reg3g
Foxa2	Sox17
Foxa2	Sox2
Foxa2	St18
Foxa2	Tbx1
Foxa2	Tle4
Foxa2	Vtn
Foxa2	Wnt7b
Foxa3	Cdx2
Foxc1	Cxcl12
Foxc1	Cxcr4
Foxc1	Dll4
Foxc1	Hey2
Foxc1	Msx2
Foxc1	Runx2
Foxc1	Snai1
Foxc1	Tbx1
Foxc2	Cxcr4
Foxc2	Dll4
Foxc2	Gja4
Foxc2	Hand1
Foxc2	Hey2
Foxc2	Itgb3
Foxc2	Tbx1
Foxd1	Lhb
Foxd1	Pgf
Foxd3	Grb2
Foxg1	Cdkn1a
Foxg1	Cdkn2b
Foxg1	Dmrt3
Foxg1	Dmrta1
Foxg1	Ebf2
Foxg1	Ebf3
Foxg1	Eya2
Foxg1	Serpine1
Foxh1	Gsc
Foxh1	Mef2c
Foxh1	Mixl1
Foxh1	Nodal
Foxh1	Smad2
Foxi1	Slc4a9
Foxj1	Amelx
Foxj1	Foxa1
Foxj3	Mef2c
Foxl1	Ccnd1
Foxl1	Wnt3a
Foxl1	Wnt7b
Foxl2	Fshb
Foxl2	Mc2r
Foxl2	Sf1
Foxm1	Axin2
Foxm1	Brip1
Foxm1	Cdh1
Foxm1	Cdkn2a
Foxm1	Ikbkb
Foxm1	Lama4
Foxm1	Lif
Foxm1	Myc
Foxm1	Mycn
Foxm1	Nfkb2
Foxm1	Nr4a2
Foxm1	Pou5f1
Foxm1	Prrc2a
Foxm1	Ptgs2
Foxm1	Pttg1
Foxm1	Scgb1a1
Foxm1	Sftpb
Foxm1	Sftpc
Foxm1	Snai1
Foxm1	Snai2
Foxm1	Socs3
Foxm1	Sox2
Foxm1	Stat3
Foxn1	Dsg4
Foxn1	Notch1
Foxn4	Dll4
Foxo1	Adipoq
Foxo1	Adipor1
Foxo1	Akt1
Foxo1	Alpl
Foxo1	Angpt2
Foxo1	Apoc3
Foxo1	Bax
Foxo1	Bcl2l11
Foxo1	Bglap2
Foxo1	Casp8
Foxo1	Ccl2
Foxo1	Ccl20
Foxo1	Ccnd1
Foxo1	Ccnd2
Foxo1	Ccng2
Foxo1	Ccr2
Foxo1	Ccr7
Foxo1	Cdkn1a
Foxo1	Cdkn1b
Foxo1	Edn1
Foxo1	Egr1
Foxo1	Fasl
Foxo1	Foxa2
Foxo1	Foxp3
Foxo1	Fshb
Foxo1	G6pc
Foxo1	Gck
Foxo1	Igfbp1
Foxo1	Ikzf1
Foxo1	Il7r
Foxo1	Ins2
Foxo1	Klf2
Foxo1	Lhb
Foxo1	Lpl
Foxo1	Mmp13
Foxo1	Myh7
Foxo1	Nos3
Foxo1	Ostn
Foxo1	Pck1
Foxo1	Pdk4
Foxo1	Pdx1
Foxo1	Pik3r1
Foxo1	Pparg
Foxo1	Ppargc1a
Foxo1	Runx2
Foxo1	Sell
Foxo1	Srebf1
Foxo1	Trib3
Foxo1	Trim63
Foxo3	Ccnd1
Foxo3	Ccnd2
Foxo3	Ccng2
Foxo3	Cdkn1b
Foxo3	Gadd45a
Foxo3	Lcn2
Foxo3	Nol3
Foxo3	Sirt1
Foxo3	Socs3
Foxo4	Anxa8
Foxo4	Bcl2l11
Foxo4	Ccnd1
Foxo4	Ccnd2
Foxo4	Gadd45a
Foxo4	Ppargc1a
Foxo4	Rbl2
Foxp1	Fgf16
Foxp1	Fgf17
Foxp1	Fgf20
Foxp1	Fgf3
Foxp1	Lhx3
Foxp1	Scgb1a1
Foxp2	Nkx2-1
Foxp2	Scgb1a1
Foxp2	Sftpc
Foxp3	Brca1
Foxp3	Ctla4
Foxp3	Erbb2
Foxp3	Ifng
Foxp3	Il17a
Foxp3	Il2
Foxp3	Il22
Foxp3	Il2ra
Foxp3	Nfkb1
Foxp3	Opn1sw
Foxp3	Skp2
Foxp3	Tnfrsf18
Foxq1	Cdh1
Foxq1	Mylk
Fus	Mdm2
Fus	Sod2
Gabpa	Chrne
Gabpa	Cox4i1
Gabpa	Cyp7b1
Gabpa	Il10
Gabpa	Il7r
Gabpa	Skp2
Gabpa	Sod3
Gabpb1	Sod3
Gata1	Ccna1
Gata1	Cdc6
Gata1	Cga
Gata1	Epb42
Gata1	Fcer1g
Gata1	Fli1
Gata1	Hbb-ar
Gata1	Itga2b
Gata1	Nfe2
Gata1	Pf4
Gata1	Sigmar1
Gata1	Spi1
Gata1	Tal1
Gata1	Tfdp2
Gata1	Usp17la
Gata1	Zbtb7a
Gata1	Zfp26
Gata2	Angpt2
Gata2	Cebpa
Gata2	Csf2
Gata2	Lyl1
Gata2	Nkx6-1
Gata2	Rc3h1
Gata2	Smad6
Gata2	Spi1
Gata2	Tac2
Gata2	Tshb
Gata3	Cdkn2c
Gata3	Cdx2
Gata3	Dlc1
Gata3	Erg
Gata3	Fgf10
Gata3	Foxp3
Gata3	Ifng
Gata3	Il10
Gata3	Il13
Gata3	Il24
Gata3	Il3
Gata3	Il4
Gata3	Il5
Gata3	Mycn
Gata3	Rag2
Gata3	Runx3
Gata3	Tbx21
Gata4	Adora1
Gata4	Amh
Gata4	Ankrd1
Gata4	Bmp4
Gata4	Ccnd2
Gata4	Dmrt1
Gata4	Epor
Gata4	Hesx1
Gata4	Hexim1
Gata4	Hhex
Gata4	Hspa5
Gata4	Id2
Gata4	Ifi204
Gata4	Lhx9
Gata4	Lrrc10
Gata4	Mef2c
Gata4	Myog
Gata4	Nkx2-5
Gata4	Nppa
Gata4	Nppb
Gata4	Spdef
Gata4	Star
Gata6	Bhlha15
Gata6	Cav1
Gata6	Cdx2
Gata6	Mylk
Gata6	Nkx2-1
Gata6	Nox1
Gata6	Ppp1r14a
Gata6	Rbpjl
Gata6	Sftpa1
Gata6	Sftpc
Gata6	Shh
Gata6	Spdef
Gata6	Tnnc1
Gata6	Ttf1
Gata6	Wnt7b
Gbx2	Lhx9
Gbx2	Lmo3
Gbx2	Otx2
Gbx2	Robo1
Gbx2	Shh
Gcfc2	Egfr
Gcgr	Crh
Gcgr	G6pc
Gcm2	Pth
Gfi1	Bak1
Gfi1	Bax
Gfi1	Cdkn1a
Gfi1	Cdkn2b
Gfi1	Elane
Gfi1	Gfi1b
Gfi1	Id2
Gfi1	Il7r
Gfi1	Spi1
Gfi1	Zbtb16
Gfi1b	Elf4
Gfi1b	Gfi1
Gfi1b	Gfi1b
Gfi1b	Meis1
Gfi1b	Rag1
Gfi1b	Rag2
Gfi1b	Rcor2
Gfi1b	Socs1
Gfi1b	Socs3
Gli1	Cdh1
Gli1	Foxm1
Gli1	Has2
Gli1	Nhlh1
Gli1	Pdgfra
Gli1	Pvr
Gli1	Runx2
Gli1	Runx3
Gli2	Ascl1
Gli2	Bmp2
Gli2	Fgf15
Gli2	Fkbp8
Gli2	Foxe1
Gli2	Gli1
Gli2	Hes1
Gli2	Ifitm5
Gli2	Myf5
Gli2	Ndp
Gli2	Pax3
Gli2	Ptch1
Gli2	Shh
Gli2	Sox8
Gli3	Fgf8
Gli3	Gli1
Gli3	Gli2
Gli3	Has2
Gli3	Myf5
Gli3	Nkx6-1
Gli3	Pitrm1
Gli3	Pvr
Gli3	Shh
Glis2	Ins2
Glis3	Neurog3
Gnrh1	Lhb
Grin1	Cox4i1
Gsc	Foxh1
Gsc	Gsc2
Gsc	Mixl1
Gsx2	Ppp1r1b
Gtf2a1	Prm1
Gtf2a1	Tnp1
Gtf2a2	Bglap
Gtf2b	Hspb1
Gtf2h1	Keap1
Gtf2i	Akap12
Gtf2i	Ccl7
Gtf2i	Ccnd1
Gtf2i	Cfdp1
Gtf2i	Csrp2
Gtf2i	Dlk1
Gtf2i	Folr1
Gtf2i	Fos
Gtf2i	Gsc
Gtf2i	Hspa5
Gtf2i	Id1
Gtf2i	Igh
Gtf2i	Nsd1
Gtf2i	Sec23a
Gtf2i	Tgfb2
Gtf2i	Tgfbr2
Gtf2ird1	Ccl7
Gtf2ird1	Csrp2
Gtf2ird1	Dlk1
Gtf2ird1	Folr1
Gtf2ird1	Tgfb2
Gtf2ird1	Tgfbr2
Gzf1	Hoxa10
Hand2	Dbh
Hand2	Dlx5
Hand2	Dlx6
Hand2	Msx1
Hand2	Phox2b
Hand2	Runx2
Havcr2	Nelfcd
Hbp1	Myod1
Hbp1	Myog
Hcfc1	Rb1
Hcls1	Ighg2b
Hdac1	Akap12
Hdac1	Ar
Hdac1	Bglap
Hdac1	Ccl5
Hdac1	Cd1d2
Hdac1	Cdc25a
Hdac1	Cdkn1a
Hdac1	Cdkn1b
Hdac1	Cebpb
Hdac1	Comp
Hdac1	Csn2
Hdac1	Epcam
Hdac1	Fas
Hdac1	Fshr
Hdac1	Il12b
Hdac1	Il6
Hdac1	Jun
Hdac1	Nfkbia
Hdac1	Nfya
Hdac1	Nos2
Hdac1	Pparg
Hdac1	Ppp2ca
Hdac1	Rbl2
Hdac1	Reck
Hdac1	Rhox5
Hdac1	Sp1
Hdac1	Spp1
Hdac1	Star
Hdac11	Il10
Hdac2	Bmp7
Hdac2	Ccl12
Hdac2	Ccne1
Hdac2	Cd1d2
Hdac2	Cdkn1a
Hdac2	Grm2
Hdac2	Nfkbia
Hdac2	Nos2
Hdac2	Smarca4
Hdac2	Star
Hdac3	Bcl2l1
Hdac3	Cdkn1b
Hdac3	Fos
Hdac3	Jun
Hdac3	Nfkbia
Hdac3	Nr4a2
Hdac3	Phlpp1
Hdac4	Runx2
Hdgf	Vegfa
Hdgf	Vegfb
Hes1	Ascl1
Hes1	Cdkn1b
Hes1	Cdkn1c
Hes1	Coro1a
Hes1	Htr1a
Hes1	Map2
Hes6	Hes1
Hes6	Htr1a
Hes7	Lfng
Hes7	Mesp2
Hesx1	Cga
Hesx1	Dnmt1
Hesx1	Fshb
Hesx1	Lhb
Hesx1	Pou1f1
Hesx1	Prop1
Hexim1	Ccnd1
Hexim1	Vegfa
Hey1	Gata4
Hey1	Gata6
Hey1	Id1
Hey1	Nppa
Hey1	Olig2
Hey1	Runx2
Hey2	Gata4
Hey2	Gata6
Hey2	Mmp10
Hey2	Nppa
Heyl	Nppa
Hgf	Met
Hhex	Esm1
Hic1	Atoh1
Hic1	Efna1
Hif1a	Bace1
Hif1a	Bsg
Hif1a	Cited2
Hif1a	Crebbp
Hif1a	Ctgf
Hif1a	Dll4
Hif1a	Epo
Hif1a	Fam162a
Hif1a	G6pc
Hif1a	Hey1
Hif1a	Hey2
Hif1a	Hmox1
Hif1a	Mdk
Hif1a	Mt1
Hif1a	Myocd
Hif1a	Pfkfb3
Hif1a	Ptgs2
Hif1a	Serpine1
Hif1a	Snai1
Hif1a	Tuft1
Hif1a	Vegfa
Hivep2	Bglap2
Hivep2	Pparg
Hlf	Abcb1a
Hlf	Epo
Hltf	Scgb3a1
Hlx	Il12a
Hlx	Il12b
Hmga1	Brca1
Hmga1	Insr
Hmga1	Rag2
Hmga1	Rbp4
Hmga2	Cdh1
Hmga2	Igf2bp2
Hmga2	Mia
Hmga2	Nfkb1
Hmga2	Nkx2-5
Hmga2	Snai1
Hmga2	Snai2
Hmga2	Twist1
Hmgb2	Runx2
Hmgn3	Slc2a2
Hnf1a	Bcl6
Hnf1a	Cldn2
Hnf1a	Crp
Hnf1a	Cyp1a2
Hnf1a	Cyp27a1
Hnf1a	Cyp2a5
Hnf1a	Cyp2b10
Hnf1a	Cyp2c29
Hnf1a	Cyp2d9
Hnf1a	Cyp2e1
Hnf1a	Cyp39a1
Hnf1a	Cyp3a11
Hnf1a	Cyp7a1
Hnf1a	Cyp7b1
Hnf1a	Cyp8b1
Hnf1a	Glb1
Hnf1a	Guca2a
Hnf1a	Il17a
Hnf1a	Kitl
Hnf1a	Lct
Hnf1a	Mgam
Hnf1a	Pax4
Hnf1a	Pck1
Hnf1a	Pkhd1
Hnf1a	Prdm1
Hnf1a	Rorc
Hnf1a	Slc6a19
Hnf1a	Slco1b2
Hnf1a	Soat2
Hnf1b	Egr2
Hnf1b	Kif12
Hnf1b	Mafb
Hnf1b	Onecut1
Hnf1b	Pde4c
Hnf1b	Pkhd1
Hnf1b	Socs3
Hnf4a	Acmsd
Hnf4a	Apoa4
Hnf4a	Apoc3
Hnf4a	Cdx2
Hnf4a	Cebpa
Hnf4a	Cebpb
Hnf4a	Cfb
Hnf4a	Csn2
Hnf4a	Cyp2a4
Hnf4a	Cyp2b9
Hnf4a	Cyp3a11
Hnf4a	Cyp3a41a
Hnf4a	Cyp4a12a
Hnf4a	Cyp4a12b
Hnf4a	Cyp7a1
Hnf4a	F12
Hnf4a	Foxa1
Hnf4a	Foxa2
Hnf4a	G6pc
Hnf4a	Gck
Hnf4a	Gstp1
Hnf4a	Gstp2
Hnf4a	Hmga2
Hnf4a	Lipc
Hnf4a	Onecut1
Hnf4a	Pck1
Hnf4a	Perp
Hnf4a	Pklr
Hnf4a	Ppara
Hnf4a	Ppargc1a
Hnf4a	Rare1
Hnf4a	Rare2
Hnf4a	Shbg
Hnf4a	Slc10a1
Hnf4a	Slc27a5
Hnf4a	Slc6a19
Hnrnpd	Cry1
Hnrnpd	Thy1
Hnrnpk	Slc1a2
Hoxa1	Epha2
Hoxa10	Dkk1
Hoxa10	Gata1
Hoxa10	Gfi1
Hoxa10	Hlf
Hoxa10	Mylk
Hoxa10	Phgdh
Hoxa10	Tdo2
Hoxa11	Myod1
Hoxa2	Meox1
Hoxa2	Pcp4
Hoxa2	Runx2
Hoxa2	Six2
Hoxa3	Hoxd3
Hoxa4	Th
Hoxa5	Igfbp1
Hoxa5	Th
Hoxa5	Trp53
Hoxa9	Erg
Hoxa9	Flt3
Hoxa9	Lmo2
Hoxa9	Myb
Hoxa9	Sox4
Hoxa9	Spp1
Hoxb1	Epha2
Hoxb1	Phox2b
Hoxb2	Hoxb1
Hoxb2	Phox2b
Hoxb3	Hoxb1
Hoxb4	Cd34
Hoxb4	Ptprc
Hoxb4	Rarb
Hoxb4	Sox4
Hoxb5	Foxd3
Hoxb8	Acta2
Hoxb8	Mylk
Hoxb8	Tagln
Hoxc13	Dsg4
Hoxc13	Foxq1
Hoxc13	Spi1
Hoxc6	Ncam1
Hoxc8	Clec10a
Hoxc8	Llgl1
Hoxc8	Nkd2
Hoxc8	Pcna
Hoxc8	Sgpp1
Hoxc8	Smad6
Hoxc8	Spp1
Hoxd13	Bmp4
Hoxd13	Runx2
Hr	Dlx3
Hsf1	Hspa1b
Hsf4	Hspb1
Hspb1	Cdkn1a
Htatip2	Igf1
Htatip2	Myc
Htatip2	Wisp2
Id1	Alpl
Id1	Bglap2
Id1	Cdkn1a
Id1	Cdkn2a
Id1	Ifng
Id1	Myod1
Id1	Rel
Id1	Rorc
Id1	Runx2
Id1	Thbs1
Id1	Tnf
Id2	Alpl
Id2	Bglap2
Id2	Ccna2
Id2	Col1a2
Id2	Il10
Id2	Lipe
Id2	Runx2
Id2	Spi1
Id2	Tcf3
Id2	Tpt1
Id2	Zbtb16
Id3	Adipoq
Id3	Alpl
Id3	Bglap2
Id3	Col1a2
Id3	Notch1
Id3	Runx2
Id3	Smarcc1
Id3	Vcam1
Id4	Esr1
Id4	Foxa1
Ifi204	Bglap2
Ifih1	Ifnb1
Ikbkb	Ccl19
Ikbkb	Cxcl10
Ikbkb	Cxcl11
Ikbkb	Cxcl2
Ikbkb	Cxcl9
Ikbkb	Cxcr4
Ikbkb	Nfkb1
Ikbkb	Nfkbia
Ikbkb	Ptgs2
Ikbkb	Rps6kb1
Ikbkb	Tnf
Ikbkb	Trp53
Ikzf1	Casz1
Ikzf1	Cd4
Ikzf1	Cd79a
Ikzf1	Fgfr4
Ikzf1	Igll1
Ikzf1	Il10
Ikzf1	Il2
Ikzf1	Il7r
Ikzf1	Myc
Ikzf1	Nos2
Ikzf1	Notch1
Ikzf1	Oprd1
Ikzf1	Oprk1
Ikzf1	Osr1
Ikzf1	Prom1
Ikzf1	Rag1
Ikzf2	Il2
Ikzf2	Rc3h1
Ikzf3	Igll1
Ikzf3	Myc
Il10	Foxc1
Il17a	Il1b
Il17a	Tnf
Il4	Itgb3
Ilf2	Acrv1
Ilf3	Acrv1
Ilf3	Ccne1
Ilf3	Il2
Ilk	Mmp9
Ing1	Dgcr8
Ing4	Trp53
Insm1	Gata2
Insm1	Lmx1b
Insm1	Pet1
Insm1	Tph2
Irf1	Ccl5
Irf1	Cdkn1a
Irf1	Cfb
Irf1	Ciita
Irf1	Cxcl10
Irf1	Cxcl11
Irf1	Foxp3
Irf1	Gbp2
Irf1	Hist2h4
Irf1	Ifnb1
Irf1	Ifng
Irf1	Il12a
Irf1	Il12b
Irf1	Il27
Irf1	Il4
Irf1	Mapk14
Irf1	Myd88
Irf1	Nos2
Irf1	Pigr
Irf1	Sell
Irf1	Socs1
Irf1	Tap1
Irf1	Tap2
Irf1	Tnf
Irf1	Upp1
Irf2	Cxcl11
Irf2	Hist2h4
Irf2	Ifnb1
Irf3	Hist2h4
Irf3	Ifna
Irf3	Ifna1
Irf3	Ifna4
Irf3	Ifnb1
Irf3	Il12a
Irf3	Il23a
Irf3	Pura
Irf3	Pvr
Irf3	Socs2
Irf3	Usp18
Irf4	Cdkn2b
Irf4	Cxcl9
Irf4	Il10
Irf4	Il1b
Irf4	Il4
Irf4	Il9
Irf4	Nfatc2
Irf4	Prdm1
Irf4	Runx3
Irf4	Spi1
Irf4	Zbtb20
Irf5	Ifi202b
Irf5	Prdm1
Irf6	Nectin4
Irf7	Hist2h4
Irf7	Ifna
Irf7	Ifna1
Irf7	Ifna4
Irf7	Ifnb1
Irf7	Ifnl3
Irf7	Nr1h4
Irf8	Abl1
Irf8	Bcr
Irf8	C1qb
Irf8	Ccl5
Irf8	Cd8a
Irf8	Cdkn2b
Irf8	Cflar
Irf8	Dab2
Irf8	Fancc
Irf8	Gas2
Irf8	Ifng
Irf8	Il12
Irf8	Il12a
Irf8	Il12b
Irf8	Il1b
Irf8	Il27
Irf8	Jak1
Irf8	Nf1
Irf8	Nos2
Irf8	Slc11a1
Irf8	Spi1
Irf8	Tlr11
Irf8	Tnf
Irf9	Ifnb1
Irf9	Irf7
Irf9	Mast1
Irf9	Ptf1a
Irx3	Gja1
Irx5	Kcnd2
Isl1	Arx
Isl1	Fgf10
Isl1	Mef2c
Isl1	Msx1
Isl1	Pbx1
Isl1	Pou4f2
Isl1	Tbx5
Jarid2	Ccnd1
Jarid2	Notch1
Jazf1	Mef2c
Jazf1	Myf6
Jdp2	Atf3
Jdp2	Ccna2
Jdp2	Dctn2
Jdp2	Trp53
Jmjd1c	Cyp17a1
Jun	Aldh1a1
Jun	Aldh3a1
Jun	Angpt2
Jun	Aqp5
Jun	Asah1
Jun	B4galnt1
Jun	Bcl3
Jun	Bmp2
Jun	C1qtnf3
Jun	Cat
Jun	Ccl12
Jun	Ccl2
Jun	Ccl5
Jun	Ccnd1
Jun	Ccnd2
Jun	Ccnd3
Jun	Cd14
Jun	Cdkn2a
Jun	Cebpd
Jun	Col10a1
Jun	Col3a1
Jun	Crh
Jun	Csf1r
Jun	Csf2
Jun	Ctse
Jun	Ctsk
Jun	Cxcl1
Jun	Cxcl15
Jun	Cxcl2
Jun	Cyp11a1
Jun	Cyp19a1
Jun	Dcstamp
Jun	Defb2
Jun	Dmtf1
Jun	Eno2
Jun	Esr1
Jun	Fam89b
Jun	Fgf7
Jun	Fos
Jun	Fosl1
Jun	Gast
Jun	Gclc
Jun	Gfap
Jun	Gnrh1
Jun	Gnrhr
Jun	Hmgcr
Jun	Hmox1
Jun	Icam1
Jun	Ifne
Jun	Ifng
Jun	Igk
Jun	Il11
Jun	Il12b
Jun	Il1b
Jun	Il2
Jun	Il23a
Jun	Il24
Jun	Il27
Jun	Il3
Jun	Il4
Jun	Il6
Jun	Itga5
Jun	Ivl
Jun	Jdp2
Jun	Jun
Jun	Krt18
Jun	Lor
Jun	Maf
Jun	Mapk8
Jun	Met
Jun	Mir18b
Jun	Mir23a
Jun	Mmp12
Jun	Mmp13
Jun	Mmp19
Jun	Mmp2
Jun	Mmp3
Jun	Mmp7
Jun	Mmp9
Jun	Msr1
Jun	Myod1
Jun	Nacc1
Jun	Nck2
Jun	Nectin2
Jun	Nefl
Jun	Nfe2l2
Jun	Nfkb1
Jun	Ngf
Jun	Nos2
Jun	Nr3c1
Jun	Odc1
Jun	Pdk1
Jun	Pea15a
Jun	Penk
Jun	Phex
Jun	Plau
Jun	Plaur
Jun	Plin2
Jun	Ppp1r3b
Jun	Prdm1
Jun	Ptgs2
Jun	Ptpn4
Jun	Rab18
Jun	Relb
Jun	Serpinb5
Jun	Serpine1
Jun	Sftpb
Jun	Sirt1
Jun	Slc2a1
Jun	Slc39a14
Jun	Slc8a1
Jun	Smurf1
Jun	Socs3
Jun	Spi1
Jun	Spp1
Jun	Src
Jun	Srxn1
Jun	Star
Jun	Tbp
Jun	Tff2
Jun	Tgfb1
Jun	Tgm1
Jun	Timp1
Jun	Tnf
Jun	Tnfsf11
Jun	Tpr
Jun	Tpsab1
Jun	Trp53
Jun	Trp73
Jun	Twist1
Jun	Wee1
Junb	Ccnd1
Junb	Ctsk
Junb	Foxp3
Junb	Il31
Junb	Il4
Junb	Mmp2
Junb	Myl9
Junb	Plau
Junb	Serpine1
Jund	Ccl5
Jund	Cyr61
Jund	Gcm2
Jund	Il11
Jund	Jun
Jund	Mmp2
Jund	Tcirg1
Kat2b	Gata4
Kat2b	Irs1
Kat2b	Mef2c
Kat2b	Myod1
Kat2b	Npr1
Kat5	Col2a1
Kat5	Nppa
Kat5	Pax6
Kat5	Sox9
Kat5	Tpt1
Kat5	Trp53
Kcnip3	Cacna1c
Kcnip3	Fos
Kcnip3	Grin1
Kcnip3	Hrk
Kcnip3	Ndor1
Kcnip3	Pdyn
Kcnip3	Slc8a3
Kcnip3	Tnfaip3
Kdm6b	Eomes
Keap1	Nfe2l2
Khdrbs1	Ece1
Klf1	Dnase2a
Klf1	Epb42
Klf1	Hbb
Klf1	Il12b
Klf1	Klf8
Klf10	Arntl
Klf10	Mycn
Klf10	Smad2
Klf11	Ins2
Klf12	Tfap2a
Klf13	Ccl5
Klf15	Acss1
Klf15	Clcnkb
Klf15	Mcm2
Klf15	Rbp3
Klf15	Rho
Klf16	Drd1
Klf16	Drd2
Klf16	Klf16
Klf2	Pparg
Klf2	Reln
Klf2	Sell
Klf2	Thbd
Klf3	Acta1
Klf3	Ckm
Klf3	Hbb-bh1
Klf3	Hbb-y
Klf3	Klf8
Klf3	Six4
Klf4	Agrp
Klf4	Bglap2
Klf4	Ccnd2
Klf4	Cdh1
Klf4	Cdkn2b
Klf4	Cebpb
Klf4	Dmp1
Klf4	Dspp
Klf4	Lefty1
Klf4	Muc5ac
Klf4	Nanog
Klf4	Nos2
Klf4	Ptgs2
Klf4	Rlim
Klf4	Serpine1
Klf4	Slurp1
Klf4	Snai2
Klf4	Sprr2a1
Klf4	Tsix
Klf5	Egr1
Klf5	Ltf
Klf5	Mcm2
Klf5	Nanog
Klf5	Nos2
Klf5	Pdgfa
Klf5	Pou5f1
Klf5	Runx2
Klf5	Serpine1
Klf5	Tcl1
Klf5	Vegfa
Klf6	Asah1
Klf6	Cdkn1a
Klf6	Pttg1
Klf6	Serpinh1
Klf7	Ntrk1
Klf8	Mmp14
Klf9	Txnrd2
Kpna2	Klf2
Kpna2	Klf4
Lbx1	Lmx1a
Lbx1	Pax3
Lbx1	Satb2
Ldb1	Arx
Ldb1	Bmp7
Ldb1	Epb42
Ldb1	Fgf10
Ldb1	Glp1r
Ldb1	Igf1
Ldb1	Lhx6
Ldb1	Mafa
Ldb1	Nlrp2
Ldb1	Runx1
Ldb1	Tcf3
Ldb2	Fgf10
Lef1	COX2
Lef1	Ccl7
Lef1	Cdh1
Lef1	Cdx4
Lef1	Col11a1
Lef1	Col2a1
Lef1	Ctnnb1
Lef1	Dkk1
Lef1	Dll1
Lef1	Dsg4
Lef1	Elane
Lef1	Fgf18
Lef1	Foxj1
Lef1	Hes7
Lef1	Il13
Lef1	Il4
Lef1	Il5
Lef1	Lrp5
Lef1	Mesp1
Lef1	Mmp13
Lef1	Mmp7
Lef1	Msx2
Lef1	Ncam1
Lef1	Neurog1
Lef1	Ovol1
Lef1	Pou1f1
Lef1	Pou5f1
Lef1	Ptgs2
Lef1	Rag2
Lef1	Runx2
Lef1	Tcf3
Lef1	Zbtb16
Lhx2	Cga
Lhx2	Olfr151
Lhx2	Rarres2
Lhx2	Rax
Lhx2	Rig1
Lhx2	Robo2
Lhx2	Tshb
Lhx3	Cga
Lhx9	Rig1
Lmo2	Epb42
Lmo2	Erg
Lmo2	Gypa
Lmo2	Runx1
Lmo4	Bmp7
Lmo7	Myf5
Lmo7	Myod1
Lmo7	Pax3
Lmx1b	Fgf8
Lmx1b	Nphs2
Lmx1b	Pax2
Lmx1b	Pet1
Lmx1b	Tph2
Lmx1b	Wnt1
Lyl1	Erg
Maf	Ccnd2
Maf	Cryaa
Maf	Cryab
Maf	Gcg
Maf	Il4
Maf	Maf
Maf	Pdx1
Maf	Trp53
Mafa	G6pc2
Mafa	Glp1r
Mafa	Ins2
Mafa	Nkx6-1
Mafa	Nrf1
Mafa	Pcsk1
Mafa	Pcx
Mafa	Pdx1
Mafa	Slc2a2
Mafb	Cd5l
Mafb	Hoxa3
Mafb	Mmp12
Mafb	Nrf1
Mafb	Pth
Mafg	Nqo1
Mafg	Nrf1
Mafk	Hmox1
Mafk	Nqo1
Mafk	Nrf1
Map3k7	Nfkb1
Mapk1	Egr1
Mapk14	Egr1
Max	Atxn3
Max	Bax
Max	Cad
Max	Ccnb1
Max	Cebpd
Max	Odc1
Max	Trp53
Maz	Clcnkb
Maz	Htr1a
Maz	Rag2
Maz	Sp4
Mbd1	Fgf2
Mbd1	Htr2c
Mbd2	Oprd1
Mbd3	Cdk2
Mcm3	Il4
Mcm6	Cd40
Mdm2	Trp53
Mdm4	Trp53
Mecp2	Aff1
Mecp2	Ddc
Mecp2	Dlk1
Mecp2	Eya2
Mecp2	Fkbp5
Mecp2	Fxyd1
Mecp2	Igfbp3
Mecp2	Irak1
Mecp2	Mobp
Mecp2	Oprm1
Mecp2	Per1
Mecp2	Per2
Mecp2	Plagl1
Mecp2	Prodh
Mecp2	S100a9
Mecp2	Slc2a3
Med1	Crabp1
Med1	Fam89b
Med1	Pparg
Med23	Cd52
Med23	Egr1
Med23	Egr2
Med6	Fabp4
Med8	Fabp4
Mef2a	Cox6a1
Mef2a	Dpf3
Mef2a	Mef2a
Mef2a	Mmp10
Mef2a	Nrf1
Mef2a	Ppargc1a
Mef2a	Slc2a4
Mef2c	Ampd1
Mef2c	Bglap
Mef2c	Bglap2
Mef2c	Calr
Mef2c	Capn2
Mef2c	Ckm
Mef2c	Des
Mef2c	Dlx5
Mef2c	Dlx6
Mef2c	Frzb
Mef2c	Hand2
Mef2c	Hdac4
Mef2c	Il10
Mef2c	Il1rn
Mef2c	Jun
Mef2c	Myh1
Mef2c	Myh4
Mef2c	Myog
Mef2c	Myom1
Mef2c	Myom2
Mef2c	Myom3
Mef2c	Myoz2
Mef2c	Rgr
Mef2c	Rho
Mef2c	Runx2
Mef2c	Sfrp2
Mef2c	Socs2
Mef2c	Sp7
Mef2d	Atm
Mef2d	Myh1
Meis1	Flt3
Meis1	Krt19
Meis1	Myog
Meis1	Pax6
Meis1	Pf4
Meis1	Ptch1
Meis1	Tgfbr2
Meis2	Cdh1
Meis2	Cdkn2b
Meis2	Egr2
Meis2	Krt19
Meis2	Pax6
Meis2	Tgfbr2
Men1	Axin2
Men1	Ezh2
Men1	Gbx2
Men1	Gli1
Men1	Hoxa9
Men1	Jund
Men1	Mafa
Men1	Suv39h1
Men1	Yap1
Meox1	Nkx3-2
Meox1	Pax3
Meox1	Tbx18
Meox1	Uncx
Meox2	Myf5
Mitf	Acp5
Mitf	Best1
Mitf	Cd40
Mitf	Cdkn1a
Mitf	Clcn7
Mitf	Ctsk
Mitf	Dcstamp
Mitf	Dct
Mitf	Dkk3
Mitf	Fgf15
Mitf	Fos
Mitf	Gpr143
Mitf	Irf4
Mitf	Itga4
Mitf	Met
Mitf	Ngfr
Mitf	Ostm1
Mitf	Pax4
Mitf	Pax6
Mitf	Pik3r1
Mitf	Pmel
Mitf	Sdc1
Mitf	Slc2a2
Mitf	Slc45a2
Mitf	Tbx2
Mitf	Trpm1
Mitf	Tyr
Mitf	Tyrp1
Mixl1	Gsc
Mixl1	Kdr
Mixl1	Pdgfra
Mkl1	Edn1
Mkl1	Id3
Mkl1	Srf
Mkl1	Tagln
Mkx	Myod1
Mkx	Scx
Mkx	Tgfb2
Mllt3	Hoxd4
Mllt3	Scnn1a
Mlxipl	Acaca
Mlxipl	Acacb
Mlxipl	Acc
Mlxipl	Fas
Mlxipl	Fasn
Mlxipl	Gck
Mlxipl	Gpam
Mlxipl	Ins1
Mlxipl	Ins2
Mlxipl	Mafa
Mlxipl	Mstn
Mlxipl	Pdx1
Mlxipl	Pklr
Mlxipl	Scd1
Mlxipl	Txnip
Mmp9	Fos
Mmp9	Jun
Mnt	Ccnd2
Mnt	Cdk4
Msc	Gata4
Msc	Gjd3
Msx1	Atoh1
Msx1	Bmp4
Msx1	Cga
Msx1	Ets1
Msx1	Fgf3
Msx1	Myocd
Msx1	Pax3
Msx1	Ptch1
Msx1	Shh
Msx1	Srf
Msx1	Stra8
Msx1	Tagln
Msx2	Alpl
Msx2	Atoh1
Msx2	Bglap
Msx2	Bglap2
Msx2	Dkk1
Msx2	Dlx2
Msx2	Dlx5
Msx2	Dspp
Msx2	Enpp1
Msx2	Ets1
Msx2	Ihh
Msx2	Lss
Msx2	Mepe
Msx2	Myocd
Msx2	Neurod6
Msx2	Pparg
Msx2	Runx2
Msx2	Sp7
Msx2	Srf
Msx2	Tagln
Mta1	Cdkn1a
Mta1	Clock
Mta1	Pax5
Mta1	Pten
Mta1	Rnf144a
Mta1	Rrm2b
Mta1	Six3
Mta1	Timp2
Mta2	Fshr
Mtf1	Dnmt1
Mtf1	Ep300
Mtf1	Mt1
Mtf1	Pgf
Mtf1	Selenow
Mtf1	Slc39a10
Mtf2	Cdkn2a
Mtf2	Shh
Mxd1	Bcl6
Mxi1	Ift20
Mxi1	Igfbp3
Mxi1	Myc
Myb	Anpep
Myb	Cdkn1a
Myb	Csf1r
Myb	Csf3r
Myb	Gstm2
Myb	H2afz
Myb	Igfbp5
Myb	Kit
Myb	Myc
Myb	Nol3
Myb	Ppm1a
Myb	Prtn3
Myb	Ptgs2
Myb	Rag2
Myb	Rara
Myb	Rfx2
Myb	Snai2
Mybbp1a	Per2
Mybl1	Rfx2
Mybl2	Adora2b
Mybl2	Adra2b
Mybl2	Ccna1
Mybl2	Col5a2
Mybl2	Eln
Mybl2	Erbb2
Mybl2	Igfbp5
Mybl2	Lin9
Mybl2	Mip
Mybl2	Pou5f1
Mybl2	Prrc2a
Mybl2	Rfx2
Mybl2	Sftpa1
Myc	Acp5
Myc	Bax
Myc	Bcat1
Myc	Bcl2
Myc	Cad
Myc	Car1
Myc	Cav1
Myc	Ccnb1
Myc	Ccnd2
Myc	Cdca7
Myc	Cdh1
Myc	Cdk4
Myc	Cdkn1a
Myc	Cdkn2a
Myc	Cdkn2b
Myc	Cebpd
Myc	Dkk1
Myc	Eed
Myc	Eif4e
Myc	Ezh2
Myc	Fasl
Myc	Hdac2
Myc	Hnrnpa1
Myc	Hnrnpa2b1
Myc	Mir122
Myc	Mir18b
Myc	Mta1
Myc	Mxi1
Myc	Myc
Myc	Ndrg1
Myc	Nfia
Myc	Nop56
Myc	Nrgn
Myc	Odc1
Myc	Pdgfrb
Myc	Ptma
Myc	Rhoa
Myc	Slc11a1
Myc	Slc1a2
Myc	Snai1
Myc	Suz12
Myc	Tert
Myc	Tfam
Myc	Timp3
Myc	Trp53
Myc	Trrap
Myc	Wnt4
Myc	Zbtb17
Myc	Zfp36
Mycn	Acp5
Mycn	Hdac2
Mycn	Igfbp2
Mycn	Igfbp6
Mycn	Ndrg1
Mycn	Nrgn
Mycn	Otx2
Mycn	Ptdss1
Mycn	Smad4
Myef2	Myl2
Myf5	Ccnd3
Myf5	Cdkn1a
Myf5	Des
Myf5	Myf6
Myf5	Myh7b
Myf5	Myod1
Myf5	Myog
Myf5	Rb1
Myf5	Sp7
Myf5	Trp73
Myf6	Ampd1
Myf6	Ccnd3
Myf6	Cdkn1a
Myf6	Des
Myf6	Myog
Myf6	Rb1
Myf6	Reck
Myf6	Trp73
Myocd	Acta2
Myocd	Mylk
Myocd	Tagln
Myocd	Tgfb1i1
Myod1	Acacb
Myod1	Acta2
Myod1	Actc1
Myod1	Aldh1a1
Myod1	Ankrd2
Myod1	Arnt
Myod1	Atp6v1e1
Myod1	Atp9a
Myod1	Atxn3
Myod1	Barx2
Myod1	Bmp5
Myod1	Ccnd1
Myod1	Ccnd3
Myod1	Cdc6
Myod1	Cdh15
Myod1	Cdkn1a
Myod1	Cdkn1c
Myod1	Cdo1
Myod1	Cdon
Myod1	Ckm
Myod1	Crebbp
Myod1	Dcx
Myod1	Des
Myod1	Fosl1
Myod1	Ifi204
Myod1	Igh
Myod1	Inpp5k
Myod1	Itga7
Myod1	Maf
Myod1	Myf5
Myod1	Myf6
Myod1	Myh7b
Myod1	Myl1
Myod1	Myl2
Myod1	Myl6
Myod1	Myog
Myod1	Ppargc1a
Myod1	Rb1
Myod1	Reck
Myod1	Sdc1
Myod1	Selenow
Myod1	Sgca
Myod1	Sgcg
Myod1	Smad7
Myod1	Smarca4
Myod1	Smtnl1
Myod1	Snai2
Myod1	Sp7
Myod1	Trp73
Myod1	Zbtb18
Myog	Art1
Myog	Barx2
Myog	Ccnd3
Myog	Cdkn1a
Myog	Des
Myog	Itga7
Myog	Myef2
Myog	Myf6
Myog	Myh7b
Myog	Myl1
Myog	Myod1
Myog	Pax7
Myog	Rb1
Myog	Trp73
Mzf1	Sell
Mzf1	Sod3
Nab1	Egr1
Nab1	Egr2
Nab1	Ifngr1
Nab1	Lhb
Nab2	Egr2
Nab2	Id2
Nab2	Id4
Nab2	Tnfsf10
Nanog	Bglap2
Nanog	Bmi1
Nanog	Cdx2
Nanog	Dkk1
Nanog	Eras
Nanog	Esrrb
Nanog	Gata6
Nanog	Idh1
Nanog	Lin28a
Nanog	Mir290a
Nanog	Mir295
Nanog	Mir302a
Nanog	Nfkb1
Nanog	Nr0b1
Nanog	Snai1
Nanog	Tcf3
Nanog	Xist
Nanog	Zfp42
Nanog	Zfp57
Nanog	Zfp819
Ncoa1	Adipoq
Ncoa1	Ar
Ncoa1	Cdkn1a
Ncoa1	Esr1
Ncoa1	Gata4
Ncoa1	Itga5
Ncoa1	Mef2c
Ncoa1	Nfkbia
Ncoa1	Psat1
Ncoa1	Twist1
Ncoa1	Usp17le
Ncoa2	Adipoq
Ncoa2	Ar
Ncoa2	Esrra
Ncoa2	G6pc
Ncoa2	Nfkbia
Ncoa3	Clock
Ncoa3	Igfbp3
Ncoa3	Klf4
Ncoa3	Nanog
Ncoa3	Nfkbia
Ncoa3	Npas2
Ncoa3	Nr0b1
Ncoa3	Pparg
Ncoa3	Tbx3
Ncoa4	Ar
Ncoa5	Myc
Ncoa6	Fos
Ncoa6	Socs1
Ncor1	Hdac3
Ncor1	Hes1
Ncor1	Mybl2
Ncor1	Nfkbia
Ncor1	Tshb
Ncor2	Hes1
Ncor2	Klkb1
Ncor2	Mybl2
Ncor2	Nfkbia
Ncor2	Sirt1
Ndn	Cdk1
Ndn	Cdkn2a
Ndn	Dlx2
Ndn	Myc
Neurod1	Atoh1
Neurod1	G6pc2
Neurod1	Ins2
Neurod1	Insm2
Neurod1	Mgat5b
Neurod1	Nnat
Neurod1	Pax6
Neurod1	Pdx1
Neurod1	Rnd2
Neurod1	Sct
Neurod1	St18
Neurod6	Plppr4
Neurod6	Ybx1
Neurog1	Atoh1
Neurog1	Dll3
Neurog2	Dll3
Neurog2	Eomes
Neurog2	Epha5
Neurog2	Neurod1
Neurog2	Rnd2
Neurog2	Sema3c
Neurog3	Atoh8
Neurog3	Insm1
Neurog3	Insm2
Neurog3	Neurod1
Neurog3	Pax4
Neurog3	Vsx2
Nf1	Adam8
Nf1	Fam89b
Nf1	Mt1
Nfat5	Akr1b3
Nfat5	Bax
Nfat5	Bcl2
Nfat5	Vegfc
Nfatc1	Aqp2
Nfatc1	B3gat1
Nfatc1	Bmp7
Nfatc1	Csf2
Nfatc1	Cx3cr1
Nfatc1	Dcstamp
Nfatc1	Foxp3
Nfatc1	Il12b
Nfatc1	Il2
Nfatc1	Il2ra
Nfatc1	Il4
Nfatc1	Itgb3
Nfatc1	Oscar
Nfatc1	Pag1
Nfatc2	Acp5
Nfatc2	Bace1
Nfatc2	Bcl2a1a
Nfatc2	Ccna2
Nfatc2	Ccr9
Nfatc2	Csf2
Nfatc2	Cx3cr1
Nfatc2	Egr3
Nfatc2	Icos
Nfatc2	Ifng
Nfatc2	Il10
Nfatc2	Il12b
Nfatc2	Il13
Nfatc2	Il2
Nfatc2	Il21
Nfatc2	Il2ra
Nfatc2	Il31
Nfatc2	Il4
Nfatc2	Il9
Nfatc2	Nfatc1
Nfatc2	Tnf
Nfatc2ip	Il2
Nfatc3	B3gat1
Nfatc3	Il2
Nfatc3	Mir23a
Nfatc4	B3gat1
Nfatc4	Myoz1
Nfatc4	Myoz2
Nfatc4	Ptgs2
Nfe2	Abcc6
Nfe2	Epb42
Nfe2	Gcm2
Nfe2	Hbb
Nfe2	Hbb-b1
Nfe2	Hbb-bs
Nfe2	Hmbs
Nfe2	Il2
Nfe2	Tnf
Nfe2	Tyms
Nfe2l2	Abcc2
Nfe2l2	Abcc3
Nfe2l2	Abcc4
Nfe2l2	Akr1b3
Nfe2l2	Areg
Nfe2l2	Bcl2
Nfe2l2	Bglap
Nfe2l2	Bglap3
Nfe2l2	Calcoco2
Nfe2l2	Cd36
Nfe2l2	Cdkn2c
Nfe2l2	Cebpb
Nfe2l2	Cox17
Nfe2l2	Cyp2a5
Nfe2l2	Fas
Nfe2l2	Fmo3
Nfe2l2	Fos
Nfe2l2	Gclc
Nfe2l2	Gsta1
Nfe2l2	Gsta2
Nfe2l2	Hmox1
Nfe2l2	Il10
Nfe2l2	Il1rn
Nfe2l2	Keap1
Nfe2l2	Krt16
Nfe2l2	Mcm7
Nfe2l2	Mdm2
Nfe2l2	Mgst1
Nfe2l2	Mir106b
Nfe2l2	Mt1
Nfe2l2	Nfatc1
Nfe2l2	Nfe2l2
Nfe2l2	Nfkb1
Nfe2l2	Nqo1
Nfe2l2	Pparg
Nfe2l2	Prdx1
Nfe2l2	Prdx2
Nfe2l2	Ptgds
Nfe2l2	Runx2
Nfe2l2	Scarb1
Nfe2l2	Sdha
Nfe2l2	Slc40a1
Nfe2l2	Slc7a11
Nfe2l2	Sod2
Nfe2l2	Sp7
Nfe2l2	Sqstm1
Nfe2l2	Srxn1
Nfe2l2	Sult1e1
Nfe2l2	Tgfb1
Nfe2l2	Tnfsf11
Nfe2l2	Txnip
Nfe2l2	Txnrd1
Nfe2l2	Ugt1a6a
Nfe2l3	Pla2g7
Nfia	Fam89b
Nfia	Gabra6
Nfia	Gfap
Nfia	Hgf
Nfia	Slc2a4
Nfib	Col2a1
Nfib	Fam89b
Nfic	Ccl2
Nfic	Col1a1
Nfic	Dspp
Nfic	Fam89b
Nfic	Gfap
Nfic	Hgf
Nfic	Klf4
Nfic	Mbp
Nfic	Mt1
Nfic	Pdgfa
Nfic	Pdgfra
Nfil3	Abcb1a
Nfil3	Abcb4
Nfil3	Arnt
Nfil3	Bmp4
Nfil3	Cyp7a1
Nfil3	Eomes
Nfil3	Fgf21
Nfil3	Id2
Nfil3	Per2
Nfil3	Ptgs2
Nfix	Ckm
Nfix	Fam89b
Nfkb1	Adipoq
Nfkb1	Adora1
Nfkb1	Adora2a
Nfkb1	Adora2b
Nfkb1	Ager
Nfkb1	Agt
Nfkb1	Akt1
Nfkb1	Aldh3a1
Nfkb1	Alox5
Nfkb1	Amh
Nfkb1	Ankrd2
Nfkb1	Apoe
Nfkb1	Aqp5
Nfkb1	Atp12a
Nfkb1	Banp
Nfkb1	Bcl2
Nfkb1	Bcl2a1d
Nfkb1	Bcl2l1
Nfkb1	Bin1
Nfkb1	Birc2
Nfkb1	Birc3
Nfkb1	Birc5
Nfkb1	Bmp2
Nfkb1	Bmpr2
Nfkb1	Btk
Nfkb1	COX2
Nfkb1	Ccl12
Nfkb1	Ccl2
Nfkb1	Ccl20
Nfkb1	Ccl22
Nfkb1	Ccl5
Nfkb1	Ccl9
Nfkb1	Ccnd1
Nfkb1	Ccnd3
Nfkb1	Cd38
Nfkb1	Cd40
Nfkb1	Cd7
Nfkb1	Cd80
Nfkb1	Cd86
Nfkb1	Cdh1
Nfkb1	Cdk4
Nfkb1	Cdkn1a
Nfkb1	Cebpa
Nfkb1	Cebpb
Nfkb1	Cenpj
Nfkb1	Cfb
Nfkb1	Cflar
Nfkb1	Col1a1
Nfkb1	Csf1
Nfkb1	Csf2
Nfkb1	Ctnnb1
Nfkb1	Cxadr
Nfkb1	Cxcl1
Nfkb1	Cxcl10
Nfkb1	Cxcl13
Nfkb1	Cxcl15
Nfkb1	Cxcl2
Nfkb1	Cyp11a1
Nfkb1	Dcst1
Nfkb1	Dcst2
Nfkb1	Dcstamp
Nfkb1	Defb2
Nfkb1	Dmp1
Nfkb1	Drd2
Nfkb1	Dusp1
Nfkb1	Ebi3
Nfkb1	Ebna1bp2
Nfkb1	Edn1
Nfkb1	Egfr
Nfkb1	Egr2
Nfkb1	Elf3
Nfkb1	Epas1
Nfkb1	Fas
Nfkb1	Fasl
Nfkb1	Fbp1
Nfkb1	Fn1
Nfkb1	Fos
Nfkb1	Foxp3
Nfkb1	Fth1
Nfkb1	Gadd45b
Nfkb1	Gclm
Nfkb1	Glrx
Nfkb1	Hamp
Nfkb1	Hes1
Nfkb1	Hmgcr
Nfkb1	Hmox1
Nfkb1	Hsd11b2
Nfkb1	Ifnb1
Nfkb1	Ifng
Nfkb1	Igf2bp2
Nfkb1	Igk
Nfkb1	Ikbkb
Nfkb1	Il1
Nfkb1	Il10
Nfkb1	Il12a
Nfkb1	Il12b
Nfkb1	Il15
Nfkb1	Il1a
Nfkb1	Il1b
Nfkb1	Il2
Nfkb1	Il23a
Nfkb1	Il2ra
Nfkb1	Il4
Nfkb1	Il6
Nfkb1	Irf4
Nfkb1	Itgam
Nfkb1	Junb
Nfkb1	Kcnd2
Nfkb1	Kcnip2
Nfkb1	Kdm2a
Nfkb1	Kdr
Nfkb1	Klf5
Nfkb1	Lcn2
Nfkb1	Lef1
Nfkb1	Lif
Nfkb1	Ltc4s
Nfkb1	Mapk14
Nfkb1	Mbp
Nfkb1	Mmp14
Nfkb1	Mmp2
Nfkb1	Mmp3
Nfkb1	Mmp9
Nfkb1	Msx1
Nfkb1	Myb
Nfkb1	Myc
Nfkb1	Myoz2
Nfkb1	Nfkb1
Nfkb1	Nfkbia
Nfkb1	Nfkbiz
Nfkb1	Ngb
Nfkb1	Nos2
Nfkb1	Nos3
Nfkb1	Nqo1
Nfkb1	Nrf1
Nfkb1	Ntn1
Nfkb1	Nudt1
Nfkb1	Pck1
Nfkb1	Pdk4
Nfkb1	Per1
Nfkb1	Per2
Nfkb1	Phex
Nfkb1	Pirb
Nfkb1	Pla2g4a
Nfkb1	Plaur
Nfkb1	Plin2
Nfkb1	Pmaip1
Nfkb1	Ppara
Nfkb1	Ppargc1a
Nfkb1	Ppm1d
Nfkb1	Ppp1r13l
Nfkb1	Ppp1r14a
Nfkb1	Prodh
Nfkb1	Psme2
Nfkb1	Pten
Nfkb1	Ptges
Nfkb1	Ptgs1
Nfkb1	Ptgs2
Nfkb1	Ptpn4
Nfkb1	Rel
Nfkb1	Relb
Nfkb1	Ripk2
Nfkb1	Sele
Nfkb1	Selp
Nfkb1	Shh
Nfkb1	Slc1a2
Nfkb1	Slc2a1
Nfkb1	Slc2a4
Nfkb1	Sod2
Nfkb1	Sox9
Nfkb1	Src
Nfkb1	Stat1
Nfkb1	Stk39
Nfkb1	Tapbp
Nfkb1	Tcrg-C1
Nfkb1	Tec
Nfkb1	Tert
Nfkb1	Tgfb1
Nfkb1	Thrb
Nfkb1	Timp3
Nfkb1	Tlr2
Nfkb1	Tlr4
Nfkb1	Tnf
Nfkb1	Tnfaip3
Nfkb1	Tnfrsf25
Nfkb1	Tnfrsf4
Nfkb1	Tnfsf13b
Nfkb1	Tnfsf15
Nfkb1	Trem1
Nfkb1	Trim63
Nfkb1	Trp53
Nfkb1	Twist1
Nfkb1	Ube2h
Nfkb1	Upp1
Nfkb1	Vcam1
Nfkb1	Vegfa
Nfkb1	Vegfc
Nfkb1	Wap
Nfkb1	Wt1
Nfkb1	Xiap
Nfkb1	Yy1
Nfkb2	Ccnd1
Nfkb2	Csf2
Nfkb2	Dmp1
Nfkb2	Hes1
Nfkb2	Hif1a
Nfkb2	Il23a
Nfkb2	Myc
Nfkb2	Rel
Nfkb2	Relb
Nfkb2	Snd1
Nfkbia	Nfkb1
Nfkbia	Ptgs2
Nfkbiz	Nfkb1
Nfkbiz	Nfkbiz
Nfya	Adipoq
Nfya	Arntl
Nfya	Ccnd2
Nfya	Cdk1
Nfya	Cldn11
Nfya	Dspp
Nfya	E2f1
Nfya	H2-Ab1
Nfya	Hspa1b
Nfya	Hspa5
Nfya	Hspb1
Nfya	Mapk1
Nfya	Ogg1
Nfya	Srebf1
Nfya	Trp53
Nfyb	Ccnd2
Nfyb	Dspp
Nfyb	H2-Ab1
Nfyb	Srebf1
Nfyc	Ccnd2
Nfyc	Dspp
Nfyc	Srebf1
Nhlh2	Maoa
Nhlh2	Mc4r
Nhlh2	Pcsk1
Nhlh2	Pcsk2
Nhlh2	Pkd1
Nkx2-1	Abca3
Nkx2-1	Foxj1
Nkx2-1	Hcrtr2
Nkx2-1	Pax8
Nkx2-1	Prdm13
Nkx2-1	Scgb1a1
Nkx2-1	Sftpb
Nkx2-1	Sftpc
Nkx2-1	Shh
Nkx2-1	Sox17
Nkx2-1	Wnt7b
Nkx2-2	Arx
Nkx2-2	Neurod1
Nkx2-2	Pdgfra
Nkx2-2	Pdx1
Nkx2-2	Pet1
Nkx2-3	Madcam1
Nkx2-5	Adora1
Nkx2-5	Calr
Nkx2-5	Csl
Nkx2-5	Etv2
Nkx2-5	Fgf10
Nkx2-5	Gjc1
Nkx2-5	Hand1
Nkx2-5	Hexim1
Nkx2-5	Id2
Nkx2-5	Ifi204
Nkx2-5	Jarid2
Nkx2-5	Lrrc10
Nkx2-5	Mef2c
Nkx2-5	Mov10l1
Nkx2-5	Msx2
Nkx2-5	Mycn
Nkx2-5	Myl2
Nkx2-5	Myocd
Nkx2-5	Nppa
Nkx2-5	Nppb
Nkx2-5	Pitx2
Nkx2-5	Tbx5
Nkx2-5	Tll1
Nkx2-5	Tlx2
Nkx2-5	Trp53
Nkx2-9	Akip1
Nkx3-1	Acta2
Nkx3-1	Actg2
Nkx3-1	Ar
Nkx3-2	Pax3
Nkx3-2	Runx2
Nkx6-1	Mafa
Nono	Col2a1
Nono	Mia
Notch1	Casp3
Notch1	Ccnd1
Notch1	Ccne1
Notch1	Cdkn1a
Notch1	Ctnnb1
Notch1	Dll4
Notch1	Dtx1
Notch1	Efnb2
Notch1	Gata2
Notch1	Hes5
Notch1	Hey1
Notch1	Hey2
Notch1	Nfkb1
Notch1	Nrarp
Notch1	Pax7
Notch1	Rbpj
Notch1	Runx2
Notch1	Scgb3a2
Notch1	Smarcc1
Notch1	Sox9
Notch1	Sp7
Notch1	Spi1
Notch1	Tcf3
Notch2	Gzmb
Notch2	Hes1
Notch2	Notch3
Notch2	Tcf3
Notch3	Foxp3
Notch3	Hes5
Notch3	Nrarp
Notch3	Ptcra
Notch4	Dlk1
Notch4	Hes1
Notch4	Hey1
Npas1	Th
Npas2	Maoa
Nr0b1	Cyp11a1
Nr0b1	Cyp19a1
Nr0b1	Esrrg
Nr0b1	Hnf4a
Nr0b1	Nr5a1
Nr0b1	Pou5f1
Nr0b1	Pparg
Nr0b1	Rlf
Nr0b1	Sf1
Nr0b1	Srebf1
Nr0b1	Star
Nr0b2	Bglap
Nr0b2	Bhmt
Nr0b2	Cdkn1a
Nr0b2	Cyp7a1
Nr0b2	Cyp8b1
Nr0b2	Mir127
Nr0b2	Mir433
Nr0b2	Mtf1
Nr0b2	Mttp
Nr0b2	Neurod1
Nr0b2	Npas2
Nr0b2	Nr5a2
Nr0b2	Pparg
Nr0b2	Ppargc1a
Nr0b2	Serpine1
Nr0b2	Slc40a1
Nr0b2	Slc51b
Nr0b2	Smad3
Nr0b2	Smad7
Nr1d1	Arntl
Nr1d1	Gja1
Nr1d1	Nfil3
Nr1d1	Nr0b2
Nr1d2	Gja1
Nr1h2	Arg2
Nr1h2	Csrp1
Nr1h2	Fasn
Nr1h2	Nos2
Nr1h3	Abca1
Nr1h3	Abcg1
Nr1h3	Apoe
Nr1h3	Arg2
Nr1h3	Bhlhe40
Nr1h3	Cyp7a1
Nr1h3	Cyp7b1
Nr1h3	F3
Nr1h3	Lipe
Nr1h3	Map3k8
Nr1h3	Mlxipl
Nr1h3	Nos2
Nr1h3	Nr1h3
Nr1h3	Plin1
Nr1h3	Pltp
Nr1h3	Srebf1
Nr1h3	Ucp1
Nr1h4	Abcb11
Nr1h4	Abcc2
Nr1h4	Abcc4
Nr1h4	Fabp6
Nr1h4	Hhex
Nr1h4	Ins2
Nr1h4	Klf11
Nr1h4	Krt13
Nr1h4	Nr0b2
Nr1h4	Scarb1
Nr1h4	Slc10a1
Nr1i2	Akr1b7
Nr1i2	Cd36
Nr1i2	Cdkn1a
Nr1i2	Cyp24a1
Nr1i2	Cyp2b10
Nr1i2	Cyp2c29
Nr1i2	Cyp3a11
Nr1i2	Cyp3a41a
Nr1i2	E2f1
Nr1i2	Insig1
Nr1i2	Msx2
Nr1i2	Ppara
Nr1i3	Akr1b7
Nr1i3	Atp6v1e1
Nr1i3	Cpt1a
Nr1i3	Cyp2b10
Nr1i3	Cyp3a11
Nr1i3	Cyp7a1
Nr1i3	Mcl1
Nr1i3	Pck1
Nr1i3	Ppara
Nr1i3	Ppig
Nr1i3	Sqle
Nr1i3	Thrsp
Nr2c1	Esr1
Nr2c1	Gata1
Nr2c2	Ikbkb
Nr2c2	Junb
Nr2c2	Nfkb1
Nr2e1	Atn1
Nr2e3	Rho
Nr2f1	Calr
Nr2f1	Fabp7
Nr2f1	Pou5f1
Nr2f1	Rnd2
Nr2f2	Ar
Nr2f2	Atp1a1
Nr2f2	Bglap
Nr2f2	Cyp7a1
Nr2f2	Dr1
Nr2f2	Dspp
Nr2f2	Flt1
Nr2f2	Insl3
Nr2f2	Mttp
Nr2f2	Oxt
Nr2f2	Pou5f1
Nr2f2	Ppara
Nr2f2	Rarb
Nr2f2	Rare1
Nr2f2	Rare2
Nr2f2	Ren1
Nr2f2	Shh
Nr2f2	Slc2a4
Nr2f2	Vegfa
Nr2f6	Il17a
Nr2f6	Oxt
Nr2f6	Ren1
Nr3c1	Abcc2
Nr3c1	Brca1
Nr3c1	Ccnd3
Nr3c1	Cdk4
Nr3c1	Cdk6
Nr3c1	Ch25h
Nr3c1	Crh
Nr3c1	Fam89b
Nr3c1	Hes1
Nr3c1	Nfkbia
Nr3c1	Npas4
Nr3c1	Nr0b1
Nr3c1	Pdhx
Nr3c1	Ptgs2
Nr3c1	Ptx3
Nr3c1	Runx2
Nr3c1	Slc10a1
Nr3c1	Trim63
Nr3c1	Vdr
Nr3c2	Fkbp5
Nr3c2	Mllt3
Nr3c2	Rasl12
Nr3c2	Scnn1a
Nr3c2	Sgk1
Nr3c2	Tns1
Nr3c2	Tsc22d3
Nr4a1	Ar
Nr4a1	Cyp21a1
Nr4a1	Edn1
Nr4a1	Fasl
Nr4a1	Hsd3b1
Nr4a1	Kcnb1
Nr4a1	Nkx2-5
Nr4a1	Prl
Nr4a1	Prmt1
Nr4a1	Serpine1
Nr4a2	Apom
Nr4a2	Foxp3
Nr4a2	Gch1
Nr4a2	Kcnb1
Nr4a2	Mmp1a
Nr4a2	Nrp1
Nr4a2	Pitx3
Nr4a2	Ptpru
Nr4a2	Slc18a2
Nr4a2	Slc6a3
Nr4a2	Spp1
Nr4a2	Tnc
Nr4a3	Kcnb1
Nr4a3	Ucp1
Nr5a1	Abcg2
Nr5a1	Adcy4
Nr5a1	Akr1b7
Nr5a1	Amh
Nr5a1	Cnr1
Nr5a1	Cyp11a1
Nr5a1	Cyp11b2
Nr5a1	Cyp17a1
Nr5a1	Cyp19a1
Nr5a1	Cyp21a1
Nr5a1	Fgf9
Nr5a1	Inha
Nr5a1	Insl3
Nr5a1	Lhb
Nr5a1	Mc2r
Nr5a1	Nos1
Nr5a1	Nr0b1
Nr5a1	Nr5a1
Nr5a1	Pbx1
Nr5a1	Pou5f1
Nr5a1	Sox9
Nr5a1	Star
Nr5a1	Wnt4
Nr5a2	Apoa1
Nr5a2	Ccnd1
Nr5a2	Ccne1
Nr5a2	Cyp19a1
Nr5a2	Cyp7a1
Nr5a2	Cyp8b1
Nr5a2	Kiss1
Nr5a2	Kras
Nr5a2	Nanog
Nr5a2	Nr0b1
Nr5a2	Pou5f1
Nr5a2	Ptf1a
Nr5a2	Ptgds
Nr5a2	Scarb1
Nr5a2	Slc10a2
Nr5a2	Slc51a
Nr5a2	Slc51b
Nr5a2	Tnf
Nrf1	Atp1a1
Nrf1	Atp1b1
Nrf1	Cd47
Nrf1	Cox17
Nrf1	Cox4i1
Nrf1	Fcgr3
Nrf1	Fmr1
Nrf1	Gria2
Nrf1	Grin1
Nrf1	Grin2b
Nrf1	Hmox1
Nrf1	Ide
Nrf1	Il1rn
Nrf1	Kif17
Nrf1	Mt1
Nrf1	Nos1
Nrf1	Nr3c1
Nrf1	Pvr
Nrf1	Sdha
Nrf1	Sirt6
Nrf1	Sp7
Nrf1	Tfam
Nrip1	Cidea
Nrip1	Pou5f1
Nrip1	Ucp1
Nrl	Kcnv2
Nrl	Mef2c
Nrl	Nr2e3
Nrl	Pde6a
Nrl	Pde6b
Nrl	Ppp2r5c
Nrl	Prph2
Nrl	Rbp3
Nrl	Rho
Nrl	Sag
Nupr1	Ccna2
Nupr1	Ep300
Nupr1	Gcg
Nupr1	Hmox1
Nupr1	Paxip1
Nupr1	Tcf19
Olig1	Smad3
Olig2	Gfap
Olig2	Pdgfra
Olig2	Sox10
Onecut1	Foxa2
Onecut1	Foxf1
Onecut1	G6pc
Onecut1	Mafa
Onecut1	Neurog3
Onecut1	Onecut3
Onecut1	Pdx1
Onecut1	Slc2a2
Otx2	Crx
Otx2	Fgf15
Otx2	Gnrh1
Otx2	Nkx2-2
Otx2	Tyr
Otx2	Tyrp1
Ovol1	Ovol2
Parp1	Apod
Parp1	E2f1
Parp1	Fn1
Parp1	Il10
Parp1	Mmp9
Parp1	Nfkb1
Parp1	Nkx2-1
Parp1	Nos2
Parp1	Rela
Parp1	Sh3bp2
Parp1	Vcam1
Pax1	Nkx3-2
Pax1	Pdgfra
Pax2	Ccnd1
Pax2	Emx2
Pax2	En2
Pax2	Eya1
Pax2	Gbx2
Pax2	Gcg
Pax2	Neurog2
Pax2	Pax6
Pax2	Pou3f3
Pax2	Ret
Pax2	Robo3
Pax2	Sfrp2
Pax2	Trp53
Pax2	Wt1
Pax3	Dct
Pax3	Dmrt2
Pax3	Fgfr4
Pax3	Hes1
Pax3	Itm2a
Pax3	Lbx2
Pax3	Lef1
Pax3	Mbp
Pax3	Met
Pax3	Mitf
Pax3	Msx2
Pax3	Myf5
Pax3	Myod1
Pax3	Neurog2
Pax3	Pou3f2
Pax3	Spry1
Pax3	St8sia2
Pax3	Tgfb2
Pax3	Tyrp1
Pax3	Wnt1
Pax4	Ins2
Pax4	Mnx1
Pax4	Pax6
Pax4	Pdx1
Pax5	Aicda
Pax5	Blk
Pax5	Blnk
Pax5	Cd19
Pax5	Cd72
Pax5	Cd79a
Pax5	Csf1r
Pax5	Ebf1
Pax5	En2
Pax5	Flt3
Pax5	Igh
Pax5	Igk
Pax5	Igll1
Pax5	Prdx6
Pax6	Aldh3a1
Pax6	Atoh7
Pax6	Bcl9
Pax6	Bcl9l
Pax6	Cdk6
Pax6	Cdkn1b
Pax6	Cryaa
Pax6	Cryab
Pax6	Dkk3
Pax6	Fgf15
Pax6	G6pc2
Pax6	Gcg
Pax6	Gck
Pax6	Hoxd4
Pax6	Mab21l2
Pax6	Maf
Pax6	Mafa
Pax6	Met
Pax6	Mmp9
Pax6	Neurog1
Pax6	Neurog2
Pax6	Nr2e1
Pax6	Odf2
Pax6	Pax2
Pax6	Pcsk1
Pax6	Pcsk2
Pax6	Pdx1
Pax6	Plagl1
Pax6	Rlbp1
Pax6	Sfrp2
Pax6	Shh
Pax6	Shroom3
Pax6	Six3
Pax6	Sost
Pax6	Sox2
Pax6	Sp8
Pax6	Tcf4
Pax6	Tgfb2
Pax6	Tlr4
Pax6	Trim11
Pax6	Trp53
Pax6	Vsx2
Pax6	Wnt7b
Pax7	Ets1
Pax7	Id3
Pax7	Myf5
Pax7	Myod1
Pax7	Nfix
Pax7	Pax3
Pax8	En2
Pax8	Ncam1
Pax8	Ret
Pax8	Trp53
Pax8	Wt1
Pax9	Bmp4
Pbrm1	Il10
Pbx1	Alx1
Pbx1	Cdh1
Pbx1	Cdkn2b
Pbx1	Cyp17a1
Pbx1	Dcc
Pbx1	Fgf10
Pbx1	Hoxb1
Pbx1	Mc2r
Pbx1	Myog
Pbx1	Pax3
Pbx1	Pax6
Pbx1	Pbx1
Pbx1	Pf4
Pbx2	Pax6
Pbx2	Pf4
Pbx4	Pgk2
Pcbp2	Trp53
Pcgf2	Hif1a
Pcgf2	Il17a
Pcgf2	Il17f
Pdx1	Fam3b
Pdx1	Gcg
Pdx1	Ins2
Pdx1	Neurog3
Pdx1	Nr5a2
Pdx1	Pax4
Pdx1	Slc2a2
Pdx1	St18
Pdx1	Tshz1
Peg3	Zim1
Pelp1	Jun
Pelp1	Nfkb1
Pelp1	Nr3c1
Pelp1	Nr4a1
Pelp1	Srf
Per1	Arntl
Per1	Bhlhe40
Per1	Clock
Per1	Crem
Per1	Cry2
Per1	Egr1
Per1	Fxyd5
Per1	Scnn1a
Per1	Slc12a3
Per2	Ctnnb1
Per2	Maoa
Per2	Ucp2
Pgr	Adam8
Pgr	Bcl2l1
Pgr	Csn2
Pgr	Cyp19a1
Pgr	Esr1
Pgr	Fam89b
Pgr	Fshb
Pgr	H19
Pgr	Id4
Pgr	Ihh
Pgr	Klf5
Pgr	Nfkbia
Pgr	Ptger2
Pgr	Trp63
Phf12	Lgals4
Phf2	Sox9
Phox2a	Dbh
Phox2a	Ncam1
Phox2b	Dbh
Phox2b	Fos
Phox2b	Gata2
Phox2b	Gata3
Phox2b	Tlx2
Pias1	Nkx2-2
Pias2	Hoxb1
Pias2	Nr3c1
Pias3	Jak2
Pias3	Mitf
Pias3	Stat3
Pias4	Ccl20
Pitx1	Barx1
Pitx1	Fshb
Pitx1	Lhb
Pitx1	Tbx1
Pitx1	Tbx4
Pitx1	Tert
Pitx2	Amelx
Pitx2	Bmp4
Pitx2	Depdc1b
Pitx2	Dlx2
Pitx2	Foxj1
Pitx2	Fshb
Pitx2	Gad1
Pitx2	Gata4
Pitx2	Hesx1
Pitx2	Isl1
Pitx2	Lef1
Pitx2	Mef2c
Pitx2	Mga
Pitx2	Myf5
Pitx2	Myod1
Pitx2	Nr5a1
Pitx2	Plod1
Pitx2	Tbx1
Pitx2	Tbx15
Pitx2	Tbx2
Pitx2	Tbx4
Pitx2	Tbx5
Pitx2	Tbx6
Pitx2	Tpt1
Pitx3	Aldh1a1
Pitx3	Bdnf
Pitx3	En1
Pitx3	Foxe3
Pitx3	Slc18a2
Pitx3	Slc6a3
Pknox1	Pbx2
Pknox1	Pgk2
Pknox1	Ptpn6
Pknox1	Syp
Plag1	Egr1
Plag1	Fas
Plag1	Igf2
Plag1	Nkx3-1
Plag1	Tnfrsf10b
Plag1	Trp53
Plagl2	Igf2
Plagl2	Mpl
Plagl2	Sftpc
Pml	Mdm2
Pnn	Cdx2
Pou1f1	C1qtnf3
Pou1f1	Gh
Pou1f1	Ghr
Pou1f1	Neurod4
Pou1f1	Prl
Pou1f1	Trh
Pou1f1	Tshb
Pou2af1	Aldh1a7
Pou2af1	Btk
Pou2af1	Cd79b
Pou2af1	Cxcr5
Pou2af1	Id2
Pou2af1	Id3
Pou2af1	Igh
Pou2af1	Igk
Pou2af1	Lgals1
Pou2af1	Pou2f1
Pou2af1	Pou2f2
Pou2af1	Slc22a1
Pou2af1	Spi1
Pou2af1	Spib
Pou2f1	Aldh3a1
Pou2f1	Atp11c
Pou2f1	Btk
Pou2f1	Cd79a
Pou2f1	Cd79b
Pou2f1	Cdx2
Pou2f1	Csn2
Pou2f1	Fam89b
Pou2f1	Gadd45a
Pou2f1	Gnrh1
Pou2f1	Ifng
Pou2f1	Il2
Pou2f1	Il4
Pou2f1	Il5
Pou2f1	Irf3
Pou2f1	Lpl
Pou2f1	Mad2l1
Pou2f1	Myh4
Pou2f1	Nos2
Pou2f1	Thrb
Pou2f2	Atp11c
Pou2f2	Btk
Pou2f2	Cd36
Pou2f2	Cd79a
Pou2f2	Cd79b
Pou2f2	Crisp3
Pou2f2	Csf3
Pou2f2	Cxcr5
Pou2f2	Ifng
Pou2f2	Il2
Pou2f2	Il4
Pou2f2	Il5
Pou2f2	Il5ra
Pou2f2	Lpl
Pou2f2	Nos2
Pou2f2	Pdcd1lg2
Pou2f2	Retn
Pou2f3	Lor
Pou3f1	Egr2
Pou3f1	Lor
Pou3f1	Mbp
Pou3f1	Mpz
Pou3f1	Myf5
Pou3f1	Otx2
Pou3f2	Gnrh1
Pou3f2	Nes
Pou3f2	Otx2
Pou3f2	Pax3
Pou3f3	Otx2
Pou3f4	Epha4
Pou3f4	Otx2
Pou4f1	Bax
Pou4f1	Bcl2
Pou4f1	Bcl2l1
Pou4f1	Cdkn1a
Pou4f1	Pmaip1
Pou4f1	Pou4f2
Pou4f1	Runx3
Pou4f1	Syt1
Pou4f2	Eomes
Pou4f3	Myo6
Pou5f1	Cdkn1a
Pou5f1	Cdx2
Pou5f1	Eed
Pou5f1	Fgf4
Pou5f1	Fgf8
Pou5f1	Gata6
Pou5f1	Hst1
Pou5f1	Kif2a
Pou5f1	Klf2
Pou5f1	Lefty1
Pou5f1	Mesp1
Pou5f1	Mir302a
Pou5f1	Myod1
Pou5f1	Nanog
Pou5f1	Nr0b1
Pou5f1	Pax2
Pou5f1	Pou5f1
Pou5f1	Rif1
Pou5f1	Sema6a
Pou5f1	Sox2
Pou5f1	Stk40
Pou5f1	Tet2
Pou5f1	Tpt1
Pou5f1	Utf1
Pou5f1	Xist
Pou5f1	Zfp42
Pou5f1	Zfp819
Ppara	Abcd4
Ppara	Acot1
Ppara	Akr1c18
Ppara	Aldh3a2
Ppara	Angptl4
Ppara	Bcl2
Ppara	Cd36
Ppara	Cdkn2a
Ppara	Cebpa
Ppara	Cebpb
Ppara	Cebpd
Ppara	Cidea
Ppara	Cpt1a
Ppara	Cyp7a1
Ppara	Fabp1
Ppara	Fabp4
Ppara	Fbp2
Ppara	Gsk3b
Ppara	Gys2
Ppara	Il6
Ppara	Il6ra
Ppara	Il6st
Ppara	Lgals4
Ppara	Lpl
Ppara	Mmp12
Ppara	Mpo
Ppara	Nfkbia
Ppara	Nr1i2
Ppara	Pdk4
Ppara	Pex11a
Ppara	Ptgs2
Ppara	Pxmp4
Ppara	Rare1
Ppara	Rare2
Ppara	Retsat
Ppara	Serpine1
Ppara	Serpine2
Ppara	Slc15a1
Ppara	Slc25a20
Ppara	Slc27a1
Ppara	Spp1
Ppara	Stat5a
Ppara	Tbx21
Ppara	Trib3
Ppara	Ucp2
Ppara	Ucp3
Ppard	Angptl4
Ppard	Foxo1
Ppard	Gys2
Ppard	Insig1
Ppard	Lpl
Ppard	Pdk4
Ppard	Pparg
Ppard	Slc25a20
Ppard	Sp1
Ppard	Tgfb1
Ppard	Ucp3
Pparg	Adipoq
Pparg	Angptl4
Pparg	Atp2a2
Pparg	C1qtnf3
Pparg	Cat
Pparg	Cav1
Pparg	Ccnd1
Pparg	Cidea
Pparg	Cidec
Pparg	Cops5
Pparg	Csf1
Pparg	Csf2
Pparg	Dbi
Pparg	Egr1
Pparg	Fabp4
Pparg	Fgf1
Pparg	Gck
Pparg	Gys2
Pparg	Hgf
Pparg	Hmox1
Pparg	Ifng
Pparg	Il2
Pparg	Il4
Pparg	Insr
Pparg	Klf5
Pparg	Lipe
Pparg	Maf
Pparg	Mstn
Pparg	Muc1
Pparg	Paqr7
Pparg	Pcx
Pparg	Pdx1
Pparg	Plin1
Pparg	Plin2
Pparg	Plin4
Pparg	Plin5
Pparg	Ptgs2
Pparg	Retn
Pparg	Scarb1
Pparg	Scnn1g
Pparg	Serpine1
Pparg	Slc27a1
Pparg	Slc2a2
Pparg	Sod2
Pparg	Sorbs1
Pparg	Tmem159
Pparg	Trp53
Pparg	Ucp1
Pparg	Ucp2
Pparg	Ucp3
Ppargc1a	Apoa4
Ppargc1a	Cav3
Ppargc1a	Cidea
Ppargc1a	Cpt1b
Ppargc1a	Cyp11b2
Ppargc1a	G6pc
Ppargc1a	Hamp
Ppargc1a	Hnf4a
Ppargc1a	Lhb
Ppargc1a	Mbp
Ppargc1a	Nr1i2
Ppargc1a	Nrf1
Ppargc1a	Pdhx
Ppargc1a	Pitx3
Ppargc1a	Ppara
Ppargc1a	Srebf2
Ppargc1a	Tfam
Ppargc1a	Tfb1m
Ppargc1a	Tfb2m
Ppargc1a	Ucp1
Ppargc1b	Esrra
Ppargc1b	Foxa2
Ppargc1b	Mfn2
Prdm1	Bcl6
Prdm1	Bmp5
Prdm1	Cxcr5
Prdm1	Id3
Prdm1	Ifnb1
Prdm1	Map3k5
Prdm1	Nlrp12
Prdm1	Pax5
Prdm1	Pdcd1
Prdm1	Tnfrsf17
Prdm1	Xbp1
Prdm13	Ascl1
Prdm13	Tlx1
Prdm13	Tlx3
Prdm16	Pparg
Prdm16	Rbl1
Prdm5	Col1a1
Prdm8	Cdh11
Prl	Csn2
Prop1	Fshb
Prop1	Notch2
Prox1	Calcrl
Prox1	Ccne1
Prox1	Crygd
Prox1	Cyp7a1
Prox1	Esrra
Prox1	Flt4
Prox1	Gfi1
Prox1	Ifng
Prox1	Nkx2-5
Prox1	Notch1
Prox1	Olig2
Prox1	Pdpn
Prox1	Rgs4
Prox1	Twist1
Prrx1	Sox9
Prrx1	Tgfb3
Prrx1	Tnc
Prrx2	Serpine2
Prrx2	Tnc
Ptf1a	Atoh7
Ptf1a	Neurog2
Ptf1a	Nr5a2
Ptf1a	Prdm13
Pth	Ccnd1
Pthlh	Ccnd1
Pthlh	Cdk1
Pttg1	Pttg1ip
Pura	E2f1
Pura	Mbp
Pwp1	Stat3
Pygo2	Pax6
Raf1	Mapk1
Rala	Fos
Rara	Abcc2
Rara	Cebpe
Rara	Klf5
Rara	Lamb1
Rara	Nepn
Rara	Pcp2
Rara	Pitx2
Rara	Pou5f1
Rara	Rare1
Rara	Rare2
Rara	Stat1
Rarb	Jun
Rarb	Pitx2
Rarb	Rdh2
Rarg	Cnr1
Rarg	Cyp26a1
Rarg	Il17a
Rarg	Pitx2
Rax	Otx2
Rb1	Atf2
Rb1	Bglap2
Rb1	Bin1
Rb1	Birc5
Rb1	Ccnd1
Rb1	Cdkn1a
Rb1	Dnmt1
Rb1	E2f1
Rb1	Elf1
Rb1	Fos
Rb1	Fosl1
Rb1	H2-Ea-ps
Rb1	Ifi202b
Rb1	Igf2
Rb1	Jun
Rb1	Mybl2
Rb1	Robo3
Rb1	Sp1
Rb1	Spi1
Rb1	Tdgf1
Rbl1	Alpl
Rbl1	Fgf2
Rbl1	Hes1
Rbl1	Mybl2
Rbl1	Myc
Rbl1	Mycn
Rbl2	Alb
Rbl2	Birc5
Rbl2	Brca1
Rbl2	Ccna2
Rbl2	Cdc25a
Rbl2	Cdk2
Rbl2	Pcna
Rbl2	Rad51
Rbl2	Sox2
Rbl2	Stmn1
Rbmx	Jund
Rbpj	Ascl1
Rbpj	Birc5
Rbpj	Cdh2
Rbpj	Cdkn1a
Rbpj	Cr2
Rbpj	Fos
Rbpj	Hes1
Rbpj	Hesx1
Rbpj	Hoxd1
Rbpj	Lfng
Rbpj	Nfatc1
Rbpj	Nodal
Rbpj	Olig2
Rbpj	Plcg2
Rbpj	Prdm1
Rbpj	Rlim
Rbpj	Sox9
Rbpj	Tyrobp
Rel	Bcl2a1d
Rel	Birc3
Rel	Ccl2
Rel	Ccl5
Rel	Cebpd
Rel	E2f3
Rel	Ezh2
Rel	Foxp3
Rel	Ifng
Rel	Igk
Rel	Il12a
Rel	Il12b
Rel	Il1b
Rel	Il2
Rel	Il21
Rel	Il23a
Rel	Il4
Rel	Myc
Rel	Ngb
Rel	Nos2
Rel	Pthlh
Rel	Rc3h1
Rel	Rorc
Rel	Sod2
Rel	Tcrg-C1
Rel	Tnf
Rel	Tnfaip3
Rel	Wt1
Rela	Agt
Rela	Akt1
Rela	Apoe
Rela	Atp12a
Rela	Bcl2
Rela	Bcl2a1d
Rela	Bcl2l1
Rela	Birc3
Rela	Bmp2
Rela	Cacna1c
Rela	Ccl12
Rela	Ccl2
Rela	Ccl20
Rela	Ccl5
Rela	Ccnd1
Rela	Cd38
Rela	Cd40
Rela	Cd80
Rela	Cd86
Rela	Cdk9
Rela	Cdkn1b
Rela	Cdkn2a
Rela	Cdx2
Rela	Cflar
Rela	Cldn5
Rela	Col1a1
Rela	Csf1
Rela	Cxadr
Rela	Cxcl10
Rela	Cxcl11
Rela	Cxcl15
Rela	Cxcr4
Rela	Cyp11a1
Rela	Dcst1
Rela	Dcst2
Rela	Dmp1
Rela	Dnmt1
Rela	Duox2
Rela	Ebi3
Rela	Epas1
Rela	Fas
Rela	Fasl
Rela	Fn1
Rela	Fos
Rela	Fth1
Rela	Gabre
Rela	Gli1
Rela	Hes1
Rela	Hgf
Rela	Hk
Rela	Hsd11b2
Rela	Icam1
Rela	Ifnb1
Rela	Ifng
Rela	Igf2bp2
Rela	Igk
Rela	Il10
Rela	Il12b
Rela	Il2
Rela	Il23a
Rela	Il4
Rela	Il6
Rela	Il9
Rela	Irf4
Rela	Itch
Rela	Kdm2a
Rela	Klf5
Rela	Klrb1c
Rela	Ltc4s
Rela	Map3k8
Rela	Met
Rela	Mgmt
Rela	Mmp14
Rela	Mmp3
Rela	Mmp9
Rela	Myc
Rela	Nfkb1
Rela	Ngb
Rela	Nos2
Rela	Nrf1
Rela	Pdk4
Rela	Pecam1
Rela	Pgf
Rela	Pglyrp1
Rela	Phex
Rela	Ppara
Rela	Ppm1d
Rela	Psme2
Rela	Ptafr
Rela	Pten
Rela	Ptgs2
Rela	Ptpn1
Rela	Reg3b
Rela	Ripk2
Rela	Rorc
Rela	Selp
Rela	Serpine2
Rela	Shh
Rela	Slc1a2
Rela	Slc2a4
Rela	Sod2
Rela	Sox9
Rela	Stim1
Rela	Stk39
Rela	Tcrg-C1
Rela	Tec
Rela	Tlr2
Rela	Tnf
Rela	Tnfaip3
Rela	Tnfrsf4
Rela	Tnfsf13b
Rela	Trim63
Rela	Trp53
Rela	Trp63
Rela	Trp73
Rela	Twist1
Rela	Upp1
Rela	Vcam1
Rela	Wt1
Rela	Xiap
Rela	Yy1
Relb	Birc2
Relb	Ccnd1
Relb	Hes1
Relb	Myb
Relb	Myc
Relb	Tcrg-C1
Rere	Rarb
Rest	Bdnf
Rest	Brinp1
Rest	Bsx
Rest	Cacna1h
Rest	Celsr3
Rest	Dyrk1a
Rest	Gjd2
Rest	Grin2b
Rest	Kcnn4
Rest	Npas4
Rest	Oprm1
Rest	Penk
Rest	Scn8a
Rest	Srrm4
Rest	Tph2
Rfx1	Fgf1
Rfx1	Map1a
Rfx3	Gck
Rfx4	Msi1
Rfx5	H2-Aa
Rfx5	H2-Ab1
Rfx5	H2-DMa
Rfx5	H2-DMb1
Rfx5	H2-Ea-ps
Rfx5	H2-Eb1
Rfx5	H2-Oa
Rfx5	H2-Ob
Rfxank	H2-Aa
Rfxank	H2-Ab1
Rfxank	H2-DMa
Rfxank	H2-DMb1
Rfxank	H2-Ea-ps
Rfxank	H2-Eb1
Rfxank	H2-Oa
Rfxank	H2-Ob
Rfxap	H2-Aa
Rfxap	H2-Ab1
Rfxap	H2-DMa
Rfxap	H2-DMb1
Rfxap	H2-Ea-ps
Rfxap	H2-Eb1
Rfxap	H2-Oa
Rfxap	H2-Ob
Rnf2	Fezf2
Rnf2	Hoxb4
Rnf2	Hoxb6
Rnf2	Hoxb8
Rnf2	Scnn1a
Rnf2	Sox2
Rnf2	Trp63
Rnf2	Zfp42
Rora	Apoa1
Rora	Apoc3
Rora	Arntl
Rora	Cav3
Rora	Cpt1b
Rora	Cyp7b1
Rora	E2f1
Rora	Lamb1
Rora	Npsr1
Rora	Pcp2
Rora	Ppara
Rps6ka5	Fos
Runx1	AI467606
Runx1	Art1
Runx1	Cd40
Runx1	Cd79a
Runx1	Cdkn2a
Runx1	Cebpa
Runx1	Csf1r
Runx1	Fxyd2
Runx1	Ifng
Runx1	Igfbp3
Runx1	Il2
Runx1	Il23a
Runx1	Mpl
Runx1	Piezo2
Runx1	Slc22a17
Runx1	Smad6
Runx1	Spi1
Runx1t1	Bcl2
Runx1t1	Runx1
Runx1t1	Tcf12
Runx2	Alpl
Runx2	Asrgl1
Runx2	Atf6
Runx2	Axin2
Runx2	Bax
Runx2	Bglap
Runx2	Bglap2
Runx2	Bmp2
Runx2	COX2
Runx2	Col10a1
Runx2	Col1a1
Runx2	Col1a2
Runx2	Col2a1
Runx2	Crebzf
Runx2	Csn2
Runx2	Cyp11a1
Runx2	Cyp19a1
Runx2	Ddx5
Runx2	Dkk1
Runx2	Dspp
Runx2	Elanee
Runx2	Enpp1
Runx2	Fgf18
Runx2	Fgf3
Runx2	Fgr18
Runx2	Gdf10
Runx2	Gja3
Runx2	Hbegf
Runx2	Hes1
Runx2	Ibsp
Runx2	Ifi204
Runx2	Ihh
Runx2	Ikzf1
Runx2	Lef1
Runx2	Lgals3
Runx2	Mcm3
Runx2	Mgp
Runx2	Mmp13
Runx2	Nr2f2
Runx2	Olfr17
Runx2	Osr1
Runx2	Panx3
Runx2	Pparg
Runx2	Pttg1ip
Runx2	Shox2
Runx2	Smad6
Runx2	Smurf1
Runx2	Sox5
Runx2	Sox6
Runx2	Sox9
Runx2	Sp7
Runx2	Spp1
Runx2	Tcf7
Runx2	Tg
Runx2	Thbs1
Runx2	Tnfsf11
Runx2	Zfp64
Runx3	Ccr7
Runx3	Cd4
Runx3	Cldn7
Runx3	Ifng
Runx3	Itgae
Runx3	Pirb
Runx3	Slc22a17
Runx3	Thbs1
Ruvbl2	Cdkn2c
Rxra	Abcb11
Rxra	Abcc2
Rxra	Amelx
Rxra	Cyp26a1
Rxra	Cyp2b10
Rxra	Cyp7a1
Rxra	Dr1
Rxra	Lipe
Rxra	Mpo
Rxra	Mttp
Rxra	Nr0b2
Rxra	Pcx
Rxra	Rare1
Rxra	Rare2
Rxra	Srebf1
Rxrb	Pcx
Sall1	Kif26b
Sall2	Bax
Sall2	Cdkn1a
Sall4	Hoxa9
Sall4	Pou5f1
Sall4	Pten
Sall4	Sall4
Satb1	Bcl2
Satb1	Cr2
Satb1	Il4
Satb1	Nanog
Satb1	Nes
Satb1	Spi1
Satb2	Trp63
Satb2	Upf3b
Scx	Col2a1
Sertad1	E2f1
Sertad1	Tfdp1
Setbp1	Hoxa10
Sf1	Abcg2
Sf1	Amh
Sf1	Cga
Sf1	Cyp11a1
Sf1	Cyp17a1
Sf1	Cyp26b1
Sf1	Gnrh1
Sf1	Hsd3b4
Sf1	Inha
Sf1	Lhb
Sf1	Nr0b1
Sf1	Pou5f1
Sf1	Sox9
Sf1	Star
Sf1	Vnn1
Sfpq	Cyp11a1
Shh	Gli1
Shox2	Bmp4
Shox2	Hcn4
Shox2	Nkx2-5
Sim1	Pou3f2
Sim2	Myod1
Sim2	Otp
Sin3a	Cebpb
Sin3a	Map4
Sin3a	Nos2
Sin3a	Rest
Sin3a	Smarca4
Sin3a	Sp3
Sin3a	Star
Sin3b	Bmi1
Sirt1	Abcb1a
Sirt1	Bcl2l1
Sirt1	Bclaf1
Sirt1	Crp
Sirt1	Dkk1
Sirt1	Hcrtr2
Sirt1	Hes1
Sirt1	Il6
Sirt1	Mmp13
Sirt1	Mmp9
Sirt1	Nox1
Sirt1	Nr0b2
Sirt1	Nr1i2
Sirt1	Parp1
Sirt1	Pparg
Sirt1	Rela
Sirt1	Retn
Sirt1	Rictor
Sirt1	Scnn1a
Sirt1	Shc1
Sirt1	Sirt6
Sirt1	Smad3
Sirt1	Srebf1
Sirt1	Timp1
Sirt1	Trp53
Sirt1	Ucp2
Sirt5	Hmgcs2
Six1	Atoh1
Six1	Ccna2
Six1	Ccnd1
Six1	Dusp6
Six1	Mtor
Six1	Myf5
Six1	Myod1
Six1	Myog
Six1	Neurod1
Six1	Neurog1
Six1	Pax2
Six1	Sall1
Six1	Six2
Six1	Vegfc
Six2	Fgf8
Six2	Gdnf
Six2	Osr1
Six2	Wnt4
Six2	Zeb2
Six3	Crygd
Six3	Pax6
Six3	Shh
Six3	Wnt1
Six3	Wnt8b
Six4	Myf5
Six5	Igfbp5
Six6	Cdkn1b
Ski	Cck
Ski	Myog
Ski	Srebf1
Skil	Adam12
Skil	Afp
Skil	Itch
Skil	Tpt1
Skil	Trp53
Sla2	Cd3e
Sla2	Csf1r
Smad1	Bmp2
Smad1	Cdkn1a
Smad1	Col1a1
Smad1	Col2a1
Smad1	Col4a1
Smad1	Col4a2
Smad1	Creld2
Smad1	Dsg4
Smad1	Hey1
Smad1	Hhex
Smad1	Id2
Smad1	Id3
Smad1	Ifi204
Smad1	Msx2
Smad1	Nkx2-5
Smad1	Ovol2
Smad1	Runx1
Smad1	Runx2
Smad1	Smad6
Smad1	Spp1
Smad1	Tbx20
Smad1	Tlx2
Smad1	Tnfrsf11b
Smad1	Tnfsf11
Smad2	Acta2
Smad2	Afp
Smad2	Becn1
Smad2	Cdkn1a
Smad2	Dapk1
Smad2	Fbln5
Smad2	Foxp3
Smad2	Fshb
Smad2	Gadd45b
Smad2	Gsc
Smad2	H19
Smad2	Hes1
Smad2	Hoxd11
Smad2	Il2
Smad2	Il9
Smad2	Nanog
Smad2	Pparg
Smad2	Rgcc
Smad2	Skil
Smad3	Acta2
Smad3	Angptl2
Smad3	Ccl2
Smad3	Cdh1
Smad3	Cdkn2b
Smad3	Cldn3
Smad3	Col1a2
Smad3	Col2a1
Smad3	Ctgf
Smad3	Cxadr
Smad3	Dapk1
Smad3	Enpp1
Smad3	Fbln5
Smad3	Fn1
Smad3	Foxp3
Smad3	Fshb
Smad3	Gadd45b
Smad3	Gast
Smad3	Gsc
Smad3	H19
Smad3	Il2
Smad3	Il23a
Smad3	Il31
Smad3	Il9
Smad3	Jun
Smad3	Lgals9
Smad3	Mir433
Smad3	Mmp9
Smad3	Myc
Smad3	Myocd
Smad3	Nedd9
Smad3	Nov
Smad3	Ocln
Smad3	Plau
Smad3	Pparg
Smad3	Ppargc1a
Smad3	Psme3
Smad3	Rif1
Smad3	Runx2
Smad3	Serpine1
Smad3	Sirt1
Smad3	Smad7
Smad3	Snai1
Smad3	Sstr2
Smad3	Tagln
Smad3	Tnfsf13b
Smad3	Tpsab1
Smad3	Tpt1
Smad3	Vegfa
Smad4	Afp
Smad4	Bmpr1b
Smad4	Cdh1
Smad4	Cdkn1a
Smad4	Cdkn2b
Smad4	Cldn3
Smad4	Col2a1
Smad4	Cxadr
Smad4	Dapk1
Smad4	Dsg4
Smad4	Fshb
Smad4	Gadd45b
Smad4	Gast
Smad4	Gsc
Smad4	H19
Smad4	Hgf
Smad4	Hhex
Smad4	Id2
Smad4	Id3
Smad4	Ifi204
Smad4	Il10
Smad4	Il9
Smad4	Jun
Smad4	Mmp7
Smad4	Muc5ac
Smad4	Nkx2-1
Smad4	Nkx2-5
Smad4	Ocln
Smad4	Pparg
Smad4	Scnn1a
Smad4	Skil
Smad4	Smad7
Smad4	Snai1
Smad4	Sstr2
Smad4	Tgfb1
Smad4	Tgfbr2
Smad4	Tlx2
Smad4	Tnfsf13b
Smad4	Tpsab1
Smad4	Vegfa
Smad5	Bmp2
Smad5	Col2a1
Smad5	Creld2
Smad5	Dsg4
Smad5	Id2
Smad5	Id3
Smad5	Ifi204
Smad5	Nr2e1
Smad5	Ovol2
Smad5	Smad6
Smad6	Cdk6
Smad6	Col1a2
Smad6	Id1
Smad6	Map3k7
Smad6	Runx1
Smad7	Col1a2
Smad7	Glb1
Smad7	Met
Smad7	Nfkbia
Smad7	Smad3
Smad7	Tgfb1
Smad7	Tnfsf13b
Smad7	Vegfa
Smad9	Bmpr1b
Smad9	Id2
Smarca2	Calm1
Smarca2	Ccna2
Smarca2	Cd44
Smarca2	Cdh1
Smarca2	Tmem50a
Smarca4	Adamts1
Smarca4	Calm1
Smarca4	Cd44
Smarca4	Cdh1
Smarca4	Cdkn1a
Smarca4	Epb42
Smarca4	Hmox1
Smarca4	Il4
Smarca4	Mitf
Smarca4	Myog
Smarca4	Nanog
Smarca4	Nfkbia
Smarca4	Pou5f1
Smarca4	Rest
Smarca4	Sall4
Smarca4	Sftpb
Smarca4	Sox2
Smarca4	Sparc
Smarca4	Tbx5
Smarca5	Dido1
Smarcc1	Nanog
Smarcc1	Psat1
Smarcd1	Arntl
Smarcd1	G6pc
Smarce1	Nanog
Smurf1	Smad6
Smurf2	Mavs
Smurf2	Rap1b
Smurf2	Runx2
Smyd1	Hand2
Snai1	Cdh1
Snai1	Cdx2
Snai1	Cldn3
Snai1	Col2a1
Snai1	Ctnnb1
Snai1	Cxadr
Snai1	Fn1
Snai1	Hnf4a
Snai1	Id1
Snai1	Itgb4
Snai1	Kit
Snai1	Lin28a
Snai1	Llgl2
Snai1	Mir290a
Snai1	Mir295
Snai1	Mmp15
Snai1	Mmp2
Snai1	Nanog
Snai1	Nr5a2
Snai1	Ocln
Snai1	Phgdh
Snai1	Ptgs2
Snai1	Runx2
Snai1	Snai1
Snai1	Tcl1
Snai1	Tfcp2l1
Snai1	Thbd
Snai1	Tjp1
Snai1	Trp53
Snai2	Bbc3
Snai2	Cdh1
Snai2	Cdx2
Snai2	Col2a1
Snai2	Ctnnb1
Snai2	Dsg2
Snai2	H19
Snai2	Lpar2
Snai2	Ocln
Snai2	Tjp1
Snd1	E2f1
Sox10	Aatk
Sox10	Dct
Sox10	Dhh
Sox10	Egr2
Sox10	Hes5
Sox10	L1cam
Sox10	Mitf
Sox10	Mpz
Sox10	Olig2
Sox10	Ret
Sox10	Sufu
Sox10	Tyr
Sox11	Gdf5
Sox11	Tank
Sox11	Wnt4
Sox14	Calb2
Sox15	Casp3
Sox15	Hrc
Sox17	Ccnd1
Sox17	Cer1
Sox17	Ctnnb1
Sox17	Foxa2
Sox17	Foxj1
Sox17	Lama1
Sox17	Lef1
Sox17	Macc1
Sox17	Mbp
Sox17	Nepn
Sox17	Sftpc
Sox18	Oprm1
Sox18	Prox1
Sox2	Atoh1
Sox2	Birc5
Sox2	Ccnd1
Sox2	Cdkn1b
Sox2	Egfr
Sox2	Fgf4
Sox2	Gli3
Sox2	Jag1
Sox2	Lef1
Sox2	Lefty1
Sox2	Ly6a
Sox2	Mir302a
Sox2	Mycn
Sox2	Nanog
Sox2	Neurod1
Sox2	Neurog1
Sox2	Nkx2-1
Sox2	Nr2e1
Sox2	Pou1f1
Sox2	Pou5f1
Sox2	Sema6a
Sox2	Shh
Sox2	Six3
Sox2	Sox2
Sox2	Utf1
Sox2	Xist
Sox2	Zfp819
Sox2	Zscan10
Sox21	Hes5
Sox4	Cald1
Sox4	Ctnnb1
Sox4	Ezh2
Sox4	Mecom
Sox4	Spi1
Sox4	Tcf4
Sox5	Catsper1
Sox5	Ifi204
Sox5	Nfkbib
Sox5	Pthlh
Sox5	Sox10
Sox5	Spag6
Sox6	Ccnd1
Sox6	Fgf3
Sox6	Pthlh
Sox6	Trp53
Sox7	Fgf3
Sox7	Lama1
Sox7	Sox4
Sox8	Amh
Sox8	Col1a1
Sox8	Sox10
Sox8	Sox9
Sox9	Best1
Sox9	Bmi1
Sox9	Catsper1
Sox9	Cdh1
Sox9	Cdkn1a
Sox9	Col2a1
Sox9	Ctgf
Sox9	Ctnnb1
Sox9	Cyp26b1
Sox9	Etv2
Sox9	Fgf9
Sox9	Furin
Sox9	Lxn
Sox9	Matn1
Sox9	Mia
Sox9	Neurog3
Sox9	Nkx3-2
Sox9	Pax3
Sox9	Pdx1
Sox9	Phex
Sox9	Pik3ca
Sox9	Pthlh
Sox9	Ret
Sox9	Sgca
Sox9	Slc6a19
Sox9	Sox10
Sox9	Vegfa
Sox9	Vnn1
Sox9	Wwp2
Sp1	Abca1
Sp1	Abcb1a
Sp1	Abcc1
Sp1	Abcc6
Sp1	Acaca
Sp1	Acsbg1
Sp1	Acsl4
Sp1	Acss1
Sp1	Acta2
Sp1	Adcy4
Sp1	Adcyap1r1
Sp1	Agt
Sp1	Ahr
Sp1	Aldh3a1
Sp1	Alox5
Sp1	Alox8
Sp1	Aplp1
Sp1	Apoe
Sp1	App
Sp1	Ar
Sp1	Arntl
Sp1	Asah1
Sp1	Ascl2
Sp1	Atp12a
Sp1	Atxn3
Sp1	Bace1
Sp1	Bach1
Sp1	Bfsp1
Sp1	Bglap
Sp1	Bglap2
Sp1	Bhlhe40
Sp1	Bmp2
Sp1	Bmp4
Sp1	Bmp7
Sp1	Bsg
Sp1	Bsx
Sp1	Btk
Sp1	Cadm1
Sp1	Ccl2
Sp1	Ccna1
Sp1	Ccnd1
Sp1	Ccnd2
Sp1	Ccnd3
Sp1	Cd14
Sp1	Cd1d2
Sp1	Cd55
Sp1	Cd79a
Sp1	Cdh5
Sp1	Cdk5r1
Sp1	Cdk5r2
Sp1	Cdk6
Sp1	Cdkn1a
Sp1	Cdkn1c
Sp1	Cdkn2c
Sp1	Cdkn2d
Sp1	Cebpa
Sp1	Cebpd
Sp1	Cend1
Sp1	Ces1d
Sp1	Ces2c
Sp1	Cirbp
Sp1	Cldn19
Sp1	Col1a1
Sp1	Col1a2
Sp1	Col2a1
Sp1	Col5a1
Sp1	Cops5
Sp1	Cox17
Sp1	Cox4i1
Sp1	Csf1
Sp1	Csf1r
Sp1	Csf2
Sp1	Csrp2
Sp1	Ctse
Sp1	Cxadr
Sp1	Cyp11a1
Sp1	Dck
Sp1	Dmd
Sp1	Dnm1
Sp1	Dnmt1
Sp1	Ecm1
Sp1	Egfr
Sp1	Egr1
Sp1	Epas1
Sp1	Epor
Sp1	Esrra
Sp1	Ets1
Sp1	Fabp6
Sp1	Fasl
Sp1	Fbln1
Sp1	Fmr1
Sp1	Fos
Sp1	Gabra6
Sp1	Gfap
Sp1	Gfpt2
Sp1	Ghr
Sp1	Gpc4
Sp1	Gstk1
Sp1	Hba-x
Sp1	Hdac7
Sp1	Heca
Sp1	Hgf
Sp1	Hinfp
Sp1	Hmga1
Sp1	Hmga2
Sp1	Hmgcl
Sp1	Hmgcr
Sp1	Hrasls5
Sp1	Hspa1b
Sp1	Htr1a
Sp1	Icam1
Sp1	Ifitm5
Sp1	Igfbp3
Sp1	Il10
Sp1	Il2
Sp1	Il5ra
Sp1	Il6
Sp1	Insr
Sp1	Irs1
Sp1	Itga5
Sp1	Itga6
Sp1	Ivl
Sp1	Jak3
Sp1	Jun
Sp1	Jund
Sp1	Kcna5
Sp1	Kcnn3
Sp1	Kctd13
Sp1	Kdm5a
Sp1	Kit
Sp1	Klf16
Sp1	Krt5
Sp1	Lama1
Sp1	Lgals1
Sp1	Lhcgr
Sp1	Lhx4
Sp1	Lipe
Sp1	Lmna
Sp1	Lor
Sp1	Lpl
Sp1	Ltf
Sp1	Mapk1
Sp1	Mbp
Sp1	Me1
Sp1	Mertk
Sp1	Met
Sp1	Mfn2
Sp1	Mgarp
Sp1	Mgp
Sp1	Mgst1
Sp1	Mif
Sp1	Mmp2
Sp1	Mmp28
Sp1	Mmp9
Sp1	Mrc1
Sp1	Mta2
Sp1	Muc5ac
Sp1	Myb
Sp1	Myc
Sp1	Myh11
Sp1	Nanog
Sp1	Napepld
Sp1	Nat2
Sp1	Ndrg1
Sp1	Nectin2
Sp1	Nes
Sp1	Nf1
Sp1	Nfatc1
Sp1	Ngb
Sp1	Ngfr
Sp1	Nkx2-1
Sp1	Nos3
Sp1	Notch1
Sp1	Npr1
Sp1	Nr1h2
Sp1	Nr1h3
Sp1	Nr5a1
Sp1	Nrgn
Sp1	Nrp1
Sp1	Oprd1
Sp1	Oprk1
Sp1	Oprm1
Sp1	Parg
Sp1	Parp1
Sp1	Pcyt1a
Sp1	Pde6a
Sp1	Pde6b
Sp1	Pemt
Sp1	Pgr
Sp1	Phgdh
Sp1	Pkd1
Sp1	Pla2g16
Sp1	Plaur
Sp1	Pld2
Sp1	Pou5f1
Sp1	Ppm1a
Sp1	Prdx6
Sp1	Prkar2b
Sp1	Prkra
Sp1	Proc
Sp1	Ptdss1
Sp1	Ptges2
Sp1	Ptgs1
Sp1	Ptgs2
Sp1	Rac2
Sp1	Ren1
Sp1	Rest
Sp1	Rho
Sp1	Rhox5
Sp1	Riox2
Sp1	Rnf141
Sp1	Rnls
Sp1	Runx2
Sp1	Scarb1
Sp1	Sct
Sp1	Sell
Sp1	Serpine1
Sp1	Setdb1
Sp1	Sftpb
Sp1	Sh3gl1
Sp1	Sirt1
Sp1	Skil
Sp1	Slc11a1
Sp1	Slc25a4
Sp1	Slc2a1
Sp1	Slc2a3
Sp1	Slc2a4
Sp1	Slc3a2
Sp1	Slc5a1
Sp1	Slc5a2
Sp1	Slc7a5
Sp1	Slc9a2
Sp1	Smad7
Sp1	Smarcc1
Sp1	Socs3
Sp1	Sod2
Sp1	Sod3
Sp1	Sp1
Sp1	Sp4
Sp1	Sparc
Sp1	Src
Sp1	Srebf1
Sp1	St8sia1
Sp1	Star
Sp1	Sult1a1
Sp1	Syn2
Sp1	Tal1
Sp1	Tec
Sp1	Tert
Sp1	Tesc
Sp1	Tfap2c
Sp1	Tgfbr2
Sp1	Tgm1
Sp1	Thra
Sp1	Timp3
Sp1	Tlr2
Sp1	Tnf
Sp1	Tnfaip3
Sp1	Tnfsf11
Sp1	Tnk1
Sp1	Tpt1
Sp1	Trf
Sp1	Tspo
Sp1	Txlng
Sp1	Tyms
Sp1	Ucp2
Sp1	Ucp3
Sp1	Vegfa
Sp1	Wnt9a
Sp1	Zbtb14
Sp2	Alox8
Sp2	B4galnt1
Sp2	Col2a1
Sp2	Dhfr
Sp2	Ets1
Sp2	Id3
Sp2	Mgp
Sp2	Pcyt1a
Sp2	Ucp2
Sp3	Acaca
Sp3	Acsbg1
Sp3	Acta2
Sp3	Adcy4
Sp3	Ahr
Sp3	Alox8
Sp3	Ang2
Sp3	Angpt2
Sp3	Bmp2
Sp3	Bsg
Sp3	Cdh5
Sp3	Cdk5r1
Sp3	Cdk5r2
Sp3	Cdkn1a
Sp3	Cebpa
Sp3	Ces2c
Sp3	Col2a1
Sp3	Csf1
Sp3	Dck
Sp3	Dmd
Sp3	Dnm1
Sp3	Dnmt1
Sp3	Epas1
Sp3	Fbln1
Sp3	Gabra6
Sp3	Ghr
Sp3	Gpc4
Sp3	Hgf
Sp3	Hmga2
Sp3	Hrasls5
Sp3	Ifitm5
Sp3	Il10
Sp3	Il6
Sp3	Itga6
Sp3	Kcnn3
Sp3	Lama1
Sp3	Lipe
Sp3	Lmna
Sp3	Lpl
Sp3	Mapk1
Sp3	Mertk
Sp3	Met
Sp3	Mgp
Sp3	Muc5ac
Sp3	Nanog
Sp3	Nes
Sp3	Nos3
Sp3	Nrgn
Sp3	Oas1g
Sp3	Oprd1
Sp3	Oprm1
Sp3	Pcyt1a
Sp3	Pde6b
Sp3	Pgr
Sp3	Pla2g16
Sp3	Prkra
Sp3	Proc
Sp3	Ptdss1
Sp3	Ptgs2
Sp3	Rac2
Sp3	Ren1
Sp3	Rest
Sp3	Rho
Sp3	Riox2
Sp3	Sdc1
Sp3	Setdb1
Sp3	Slc2a3
Sp3	Slc9a2
Sp3	Socs3
Sp3	Sod3
Sp3	Sp1
Sp3	Star
Sp3	Tal1
Sp3	Tert
Sp3	Tesc
Sp3	Tfap2c
Sp3	Tnk1
Sp3	Tspo
Sp3	Txlng
Sp3	Ucp2
Sp3	Ucp3
Sp3	Vegfa
Sp3	Zfp143
Sp4	Cdk5r1
Sp4	Gria1
Sp4	Nrgn
Sp4	Pde6b
Sp4	Ptdss1
Sp4	Rho
Sp4	Slc9a2
Sp4	Vegfa
Sp5	Cdkn1a
Sp7	Bglap
Sp7	Bglap2
Sp7	Col5a1
Sp7	Col5a3
Sp7	Ctnnb1
Sp7	Dkk1
Sp7	Dmp1
Sp7	Dspp
Sp7	Gja3
Sp7	Ibsp
Sp7	Ifitm5
Sp7	Mir93
Sp7	Satb2
Sp7	Sost
Sp7	Sp7
Sp7	Spp1
Sp7	Vegfa
Sp8	Fgf10
Sp8	Fgf8
Sp8	Nr2f1
Sp9	Fgf8
Spdef	Birc5
Spdef	Cdkn1a
Spdef	Foxj1
Spdef	Scgb1a1
Spdef	Sftpc
Spdef	Sox17
Spen	Col2a1
Spi1	Acp5
Spi1	Aif1
Spi1	Bcl2l11
Spi1	Ccl5
Spi1	Cd1d1
Spi1	Csf1r
Spi1	Dcstamp
Spi1	Elane
Spi1	Elf1
Spi1	Fcer1g
Spi1	Fes
Spi1	Flt3
Spi1	H2-Ab1
Spi1	Igh
Spi1	Ighm
Spi1	Igl
Spi1	Il1b
Spi1	Il7r
Spi1	Il9
Spi1	Irf8
Spi1	Itga2b
Spi1	Itgb3
Spi1	Med1
Spi1	Mef2c
Spi1	Mmp13
Spi1	Mrc1
Spi1	Ncf1
Spi1	Ncf4
Spi1	Nfkb1
Spi1	Oprm1
Spi1	Pirb
Spi1	Ptgds
Spi1	Ptprc
Spi1	Ptpro
Spi1	Scn8a
Spi1	Tal1
Spi1	Tal2
Spi1	Tec
Spi1	Tlr4
Spi1	Tnf
Spib	Blnk
Spib	Fcer2a
Spib	Igl
Spib	Nfkb1
Spib	P2ry10
Spic	Cd5l
Spic	Fcer2a
Spic	Fcgr2b
Spic	Mmp12
Spic	Nfkb1
Srebf1	Abca3
Srebf1	Abcd2
Srebf1	Acaca
Srebf1	Acss2
Srebf1	Adipoq
Srebf1	Ankrd2
Srebf1	Cd5l
Srebf1	Cdkn1a
Srebf1	Cidea
Srebf1	Clu
Srebf1	Cyp8b1
Srebf1	Elovl3
Srebf1	Elovl5
Srebf1	Fabp6
Srebf1	Fas
Srebf1	Fasn
Srebf1	Fbxw7
Srebf1	Gck
Srebf1	Gpam
Srebf1	Hmgcr
Srebf1	Hmox1
Srebf1	Il17a
Srebf1	Kcnj3
Srebf1	Lep
Srebf1	Lipe
Srebf1	Mstn
Srebf1	Nlrp1a
Srebf1	Npc1
Srebf1	Nr0b2
Srebf1	Pla2g6
Srebf1	Ppargc1a
Srebf1	Ptgds
Srebf1	Retn
Srebf1	Scd1
Srebf1	Slc2a4
Srebf1	Thrsp
Srebf2	Acss2
Srebf2	Cdkn1a
Srebf2	Cyp3a11
Srebf2	Fabp6
Srebf2	Hmgcr
Srebf2	Hmgcs1
Srebf2	Hmox1
Srebf2	Hnf4a
Srebf2	Mvk
Srebf2	Npc1
Srebf2	Pcsk9
Srebf2	Srd5a2
Srf	Acta2
Srf	Actg2
Srf	Aqp2
Srf	Barx2
Srf	Ckm
Srf	Ctgf
Srf	Egr1
Srf	Fos
Srf	Hmgxb4
Srf	Kcnmb1
Srf	Klf3
Srf	Mmp14
Srf	Mmp2
Srf	Myh11
Srf	Mylk
Srf	Myod1
Srf	Nppa
Srf	Tagln
Srf	Tgfb1i1
Srrt	Sox2
Sry	Sox9
Sry	Wt1
Ssb	Lamb1
Stat1	App
Stat1	Bace1
Stat1	Cd36
Stat1	Cd40
Stat1	Cebpd
Stat1	Cfb
Stat1	Ciita
Stat1	Cxcl10
Stat1	Cxcl9
Stat1	Duox2
Stat1	Egr1
Stat1	Fcgr1
Stat1	Gbp2
Stat1	Gfi1
Stat1	Ifnb1
Stat1	Ifng
Stat1	Il27
Stat1	Il6
Stat1	Irf1
Stat1	Irf7
Stat1	Irf9
Stat1	Mdm2
Stat1	Mt1
Stat1	Nos2
Stat1	Pdcd1
Stat1	Pou3f1
Stat1	Pparg
Stat1	Rc3h1
Stat1	Runx2
Stat1	Socs1
Stat1	Socs3
Stat1	Tbx21
Stat1	Trp53
Stat1	Upp1
Stat2	Irf7
Stat2	Pdcd1
Stat2	Trp53
Stat3	Akt1
Stat3	Bace1
Stat3	Batf
Stat3	Bcl2
Stat3	Bcl2l1
Stat3	Cav1
Stat3	Ccl20
Stat3	Ccnd1
Stat3	Ccnd2
Stat3	Ccnd3
Stat3	Cdkn1b
Stat3	Cdkn2d
Stat3	Cebpd
Stat3	Col1a1
Stat3	Cxcl11
Stat3	Eed
Stat3	Egr1
Stat3	Entpd1
Stat3	Epor
Stat3	Fos
Stat3	Gfap
Stat3	Gfi1
Stat3	Hamp
Stat3	Hgf
Stat3	Hif1a
Stat3	Igfbp5
Stat3	Il10
Stat3	Il12a
Stat3	Il17f
Stat3	Il21
Stat3	Il23a
Stat3	Il6
Stat3	Jak3
Stat3	Klf4
Stat3	Lif
Stat3	Ly6a
Stat3	Maf
Stat3	Mdc1
Stat3	Mir21a
Stat3	Mmp1a
Stat3	Mmp2
Stat3	Mmp9
Stat3	Mt1
Stat3	Muc1
Stat3	Myc
Stat3	Nhlh2
Stat3	Nkx2-5
Stat3	Nos2
Stat3	Nostrin
Stat3	Nr0b1
Stat3	Nt5e
Stat3	Pcsk1
Stat3	Phb
Stat3	Pik3r1
Stat3	Pkd1
Stat3	Pnp
Stat3	Prdm1
Stat3	Pten
Stat3	Rc3h1
Stat3	Reg3g
Stat3	Rela
Stat3	Rnls
Stat3	S1pr1
Stat3	Slc9a3
Stat3	Socs3
Stat3	Sox6
Stat3	Spi1
Stat3	Srebf1
Stat3	Stat3
Stat3	Tcf4
Stat3	Tgfb1
Stat3	Tnf
Stat3	Trh
Stat3	Trp53
Stat3	Twist1
Stat3	Twist2
Stat3	Vegfa
Stat3	Vip
Stat3	Wnt3a
Stat4	Ifng
Stat4	Ifngas1
Stat4	Il18r1
Stat4	Irf4
Stat4	Nos2
Stat4	Prdx3
Stat4	Tbx21
Stat5a	Ar
Stat5a	Bcl2l1
Stat5a	Cdkn2b
Stat5a	Clnk
Stat5a	Csf2
Stat5a	Csf3
Stat5a	Csn1s1
Stat5a	Csn2
Stat5a	Dpagt1
Stat5a	Dpf3
Stat5a	Epor
Stat5a	Fam89b
Stat5a	Grb10
Stat5a	Il10
Stat5a	Il2ra
Stat5a	Il9
Stat5a	Mir21a
Stat5a	Nr3c1
Stat5a	Pck1
Stat5a	Pdk4
Stat5a	Prf1
Stat5a	Psap
Stat5a	Sftpb
Stat5a	Socs2
Stat5a	Socs3
Stat5b	Ar
Stat5b	Ccnd2
Stat5b	Csn2
Stat5b	Dpf3
Stat5b	Slc10a1
Stat6	Bcl2l1
Stat6	Csn2
Stat6	Egr1
Stat6	Fcer2a
Stat6	Foxp3
Stat6	Gata3
Stat6	Gfi1
Stat6	Hand2
Stat6	Il24
Stat6	Il4
Stat6	Il9
Stat6	Itgb3
Stat6	Ncoa3
Stat6	Tfec
Stat6	Tnf
Stat6	Zfp157
Sufu	Gli2
Sufu	Gli3
Suz12	Bcl2l11
Suz12	Cdh1
Suz12	Dkk1
Suz12	Mir200b
Syt1	Cdh5
Syt1	Myc
Taf12	Cyp24a1
Taf4b	Ret
Taf4b	Stra8
Taf4b	Zbtb16
Taf9	Trp53
Tal1	Ccnd1
Tal1	Epb42
Tal1	Erg
Tal1	Kit
Tal1	Myog
Tal1	Pdzk1ip1
Tal1	Runx1
Tal1	Smad6
Tal1	Tcf3
Tal1	Tfdp2
Tardbp	Add2
Tardbp	Ran
Tax1bp3	Myod1
Tbp	Csrp3
Tbp	Fgf23
Tbp	Fos
Tbp	Nf1
Tbp	Ntrk1
Tbp	Polr2f
Tbp	Prg2
Tbpl1	Nf1
Tbpl1	Prm1
Tbpl1	Prm2
Tbpl1	Tnp1
Tbr1	Auts2
Tbx1	C1qbp
Tbx1	Fgf10
Tbx1	Fgf8
Tbx1	Flt4
Tbx1	Mef2c
Tbx1	Pitx2
Tbx1	Ripply3
Tbx1	Ywhae
Tbx18	Snai2
Tbx19	Pomc
Tbx2	Cdkn1a
Tbx2	Cdkn1b
Tbx2	Cdkn2a
Tbx2	Gja1
Tbx2	Gja3
Tbx2	Grem1
Tbx2	Mycn
Tbx2	Nppa
Tbx2	Tyrp1
Tbx20	Mef2c
Tbx20	Nkx2-5
Tbx20	Nppa
Tbx20	Tbx2
Tbx21	Gata3
Tbx21	Hand2
Tbx21	Ifng
Tbx21	Ifngas1
Tbx21	Il21
Tbx21	Il23r
Tbx21	Il4
Tbx21	Il7
Tbx21	S1pr5
Tbx21	Spp1
Tbx3	Bglap
Tbx3	Cdkn1a
Tbx3	Gja1
Tbx3	Gja5
Tbx3	Hnf1b
Tbx3	Ibsp
Tbx3	Nppa
Tbx3	Onecut1
Tbx3	Runx2
Tbx3	Sp7
Tbx4	Shox2
Tbx5	Atp2a2
Tbx5	Fgf10
Tbx5	Id2
Tbx5	Ifi204
Tbx5	Nppa
Tbx6	Dll1
Tbx6	Hes7
Tbx6	Mesp2
Tbx6	Myf5
Tcf12	Acta2
Tcf12	Cldn4
Tcf12	Id2
Tcf12	Myog
Tcf12	Ptcra
Tcf12	Smarcc1
Tcf12	Tcra
Tcf19	Ccne1
Tcf20	Mmp3
Tcf21	Akr1b8
Tcf21	Ar
Tcf21	Cdkn1a
Tcf21	Nr5a1
Tcf21	Rhox5
Tcf21	Sf1
Tcf3	Acta2
Tcf3	Adipoq
Tcf3	Aicda
Tcf3	Atxn3
Tcf3	Ccl21a
Tcf3	Ccl21b
Tcf3	Ccl21c
Tcf3	Ccnd3
Tcf3	Cd19
Tcf3	Cd5
Tcf3	Cd7
Tcf3	Cd79a
Tcf3	Cdh1
Tcf3	Cdkn1a
Tcf3	Ckm
Tcf3	Cldn4
Tcf3	Col2a1
Tcf3	Ebf1
Tcf3	Epb42
Tcf3	Esrrb
Tcf3	Foxo1
Tcf3	Foxp3
Tcf3	Id1
Tcf3	Igk
Tcf3	Igll1
Tcf3	Insm1
Tcf3	Kit
Tcf3	Lef1
Tcf3	Mir302a
Tcf3	Myl2
Tcf3	Nanog
Tcf3	Neurog1
Tcf3	Notch1
Tcf3	Nr0b2
Tcf3	Nr5a2
Tcf3	Pax5
Tcf3	Ptcra
Tcf3	Smarcc1
Tcf3	Tcl1
Tcf3	Tcra
Tcf3	Tpt1
Tcf3	Ube2i
Tcf3	Ung
Tcf3	Vcam1
Tcf4	Acta2
Tcf4	Cd44
Tcf4	Cdh1
Tcf4	Cdx2
Tcf4	Cops5
Tcf4	Edn1
Tcf4	Fgf18
Tcf4	Fn1
Tcf4	Hmga1
Tcf4	Hnf1a
Tcf4	Id2
Tcf4	Id3
Tcf4	Mitf
Tcf4	Myc
Tcf4	Notum
Tcf4	Plaur
Tcf4	Ptgs2
Tcf4	Smc3
Tcf4	Sstr2
Tcf7	Bcl2l1
Tcf7	Cd4
Tcf7	Runx2
Tcf7l2	Cd44
Tcf7l2	Cdx1
Tcf7l2	Myod1
Tcfl5	Tcfl5
Tead2	Fgfr4
Tead2	Pax3
Tead2	Trp53
Tead4	Acta2
Tead4	Fgfr4
Tead4	Ppp1r16a
Tead4	Vegfb
Tef	Bik
Tfap2a	Apoe
Tfap2a	Cebpa
Tfap2a	Dmd
Tfap2a	Hoxa7
Tfap2a	Hoxa9
Tfap2a	Itpr1
Tfap2a	Kctd13
Tfap2a	Lhcgr
Tfap2a	Meis1
Tfap2a	Vegfa
Tfap2b	Adipoq
Tfap2c	Cdk6
Tfap2c	Cdkn1a
Tfap2c	Dmrt1
Tfap2c	Dnmt3b
Tfap2c	Dnmt3l
Tfap2c	Fgf4
Tfap2c	Hsd3b6
Tfap2c	Kit
Tfap2c	Klf4
Tfap2c	Nanos3
Tfap2c	Sfrp1
Tfap2d	Bhlhe23
Tfap2d	Pou4f3
Tfcp2	Tyms
Tfdp1	Ccnd1
Tfdp1	Cdkn1a
Tfdp1	Mybl2
Tfdp1	Tcf3
Tfdp1	Trp53
Tfe3	Ppargc1a
Tfe3	Txnip
Tgfb1	Col1a2
Tgfb1	Foxp3
Tgfb1	Klf6
Tgfb1	Mycn
Tgfb1	Tbx21
Tgfb1i1	Ar
Tgfb1i1	Ccl2
Tgfb1i1	Rgcc
Tgfb1i1	Tgfb1
Tgfb1i1	Tpt1
Thra	Abcd2
Thra	Jag1
Thrap3	Cebpa
Thrap3	Fabp4
Thrap3	Pparg
Thrb	Abcd2
Thrb	Ccnd1
Thrb	Mlxipl
Thrb	Tshb
Tial1	Thy1
Tle2	Arx
Tle2	Hes1
Tle2	Nkx2-2
Tle2	Nkx6-1
Tle3	Nanog
Tle3	Nkx2-2
Tlr4	Csf3
Tlx3	Pou4f1
Tlx3	Prrxl1
Tlx3	Ret
Tnf	Casp3
Tnf	Mmp9
Tnfaip3	Bax
Tnfaip3	Ppara
Tob1	Ccnd1
Trim13	Apoa1
Trim13	Ppig
Trim24	Stat1
Trim28	Hbb-y
Trim28	Myc
Trim28	Sox9
Trim28	Zfx
Trim32	Ccl20
Trp53	Abcb1b
Trp53	Abcc1
Trp53	Adgrb1
Trp53	Afp
Trp53	Agt
Trp53	Agtr1a
Trp53	Amelx
Trp53	Ankrd1
Trp53	Apaf1
Trp53	Atf3
Trp53	Axl
Trp53	Bak1
Trp53	Bax
Trp53	Bbc3
Trp53	Bcl2
Trp53	Birc5
Trp53	Btg2
Trp53	Casp3
Trp53	Casp6
Trp53	Casp7
Trp53	Casp8
Trp53	Ccna2
Trp53	Ccnb1
Trp53	Ccnb2
Trp53	Cdc2b
Trp53	Cdk2
Trp53	Cdk5
Trp53	Cdkn1a
Trp53	Cdkn1b
Trp53	Cdkn1c
Trp53	Cdkn2c
Trp53	Chek1
Trp53	Ckap2
Trp53	Ckm
Trp53	Cks1b
Trp53	Col2a1
Trp53	Cxcr2
Trp53	D7Ertd443e
Trp53	Ddit4
Trp53	Dusp1
Trp53	Dusp2
Trp53	Dusp4
Trp53	Dyrk1a
Trp53	E2f1
Trp53	E4f1
Trp53	Edil3
Trp53	Egr1
Trp53	Ei24
Trp53	Elf4
Trp53	Epcam
Trp53	Fas
Trp53	Fos
Trp53	Foxm1
Trp53	Foxo3
Trp53	Foxp3
Trp53	Fpr1
Trp53	Gabre
Trp53	Gadd45a
Trp53	Gap43
Trp53	Gdf15
Trp53	Glipr1
Trp53	Gsk3b
Trp53	Gtse1
Trp53	Hdgf
Trp53	Hgf
Trp53	Hipk2
Trp53	Hmox1
Trp53	Hras
Trp53	Hspa1b
Trp53	Id2
Trp53	Ifi202b
Trp53	Igf1r
Trp53	Ins2
Trp53	Insr
Trp53	Klf2
Trp53	Klf4
Trp53	Krt19
Trp53	Lif
Trp53	Ltf
Trp53	Map4
Trp53	Mapk1
Trp53	Mcm7
Trp53	Mcts1
Trp53	Mdm2
Trp53	Met
Trp53	Mgmt
Trp53	Mir34a
Trp53	Mmp2
Trp53	Mt1
Trp53	Mxi1
Trp53	Myc
Trp53	Myod1
Trp53	Myog
Trp53	Nanog
Trp53	Ndrg1
Trp53	Neurod2
Trp53	Nfkb1
Trp53	Nkx2-5
Trp53	Nkx3-1
Trp53	Notch1
Trp53	Nr0b2
Trp53	Nr3c1
Trp53	Nupr1
Trp53	Olfr17
Trp53	Pappa
Trp53	Pax2
Trp53	Pcbp2
Trp53	Pcna
Trp53	Pdgfrb
Trp53	Per2
Trp53	Perp
Trp53	Pias3
Trp53	Pkd1
Trp53	Pla2g16
Trp53	Plk3
Trp53	Pmaip1
Trp53	Pml
Trp53	Pmp2
Trp53	Polk
Trp53	Prnp
Trp53	Prox1
Trp53	Psen1
Trp53	Psme3
Trp53	Psrc1
Trp53	Pten
Trp53	Ptgds
Trp53	Ptgs2
Trp53	Ptk2
Trp53	Ptprv
Trp53	Rap2b
Trp53	Rchy1
Trp53	Reep5
Trp53	Rela
Trp53	Rps6ka1
Trp53	Rrm2b
Trp53	Runx1
Trp53	Sall2
Trp53	Serpinb5
Trp53	Serpine1
Trp53	Sesn1
Trp53	Siah1b
Trp53	Sin3a
Trp53	Siva1
Trp53	Slc19a2
Trp53	Slc2a4
Trp53	Slc6a6
Trp53	Smad3
Trp53	Smurf1
Trp53	Sod2
Trp53	Src
Trp53	Srebf1
Trp53	Steap3
Trp53	Tcf4
Trp53	Tcf7l2
Trp53	Tert
Trp53	Tff2
Trp53	Thbs1
Trp53	Tnfrsf10b
Trp53	Tpt1
Trp53	Trp53
Trp53	Trp53inp1
Trp53	Trp73
Trp53	Tyms
Trp53	Uhrf1
Trp53	Uhrf1bp1
Trp53	Upp1
Trp53	Zfp385a
Trp53bp1	Atm
Trp53bp1	Brca1
Trp53bp1	Chek2
Trp53bp1	Hc1
Trp63	Cdkn1a
Trp63	Evpl
Trp63	Irf6
Trp63	Krt14
Trp63	Nectin1
Trp63	Ptk2
Trp63	Satb1
Trp63	Smarca4
Trp63	Smarcd3
Trp63	Vegfa
Trp73	Bax
Trp73	Bbc3
Trp73	Casp8ap2
Trp73	Cdkn1a
Trp73	Cdkn1c
Trp73	E2f1
Trp73	Foxo3
Trp73	Gls2
Trp73	Hey2
Trp73	Itch
Trp73	Mdm2
Trp73	Ngfr
Trp73	Nr3c1
Trp73	Pdgfrb
Trp73	Pmaip1
Trp73	Psrc1
Trp73	Pten
Trp73	Tpt1
Trp73	Trp53
Trps1	Bglap
Trps1	Dspp
Trps1	Runx1
Trps1	Runx2
Trps1	Stat3
Trrap	Mitf
Tsg101	Mdm2
Tshz3	Myog
Ttf1	Sftpc
Ttf2	Tg
Ttf2	Tpo
Twist1	Abcg2
Twist1	Alx3
Twist1	Brd4
Twist1	Cdh1
Twist1	Cdkn1a
Twist1	Ckm
Twist1	Col2a1
Twist1	Dkk1
Twist1	Esr1
Twist1	Fgf10
Twist1	Fgf2
Twist1	Fgfr2
Twist1	Hoxa9
Twist1	Il12rb2
Twist1	Il6ra
Twist1	Mme
Twist1	Pdgfra
Twist1	Postn
Twist1	Runx3
Twist1	Shh
Twist1	Sox10
Twist1	Sox9
Twist1	Tbx20
Twist1	Tbx21
Twist1	Tek
Twist1	Tnf
Twist1	Trp53
Twist1	Zeb1
Twist1	Zyx
Twist2	Add1
Twist2	Cdkn1a
Twist2	Ckm
Twist2	Dkk1
Twist2	Msx1
Twist2	Srebf1
Ube2k	Nfe2l2
Usf1	Alx3
Usf1	Apoa5
Usf1	Bdnf
Usf1	Ces2c
Usf1	Ciita
Usf1	Col1a1
Usf1	Cyp1a1
Usf1	Fasn
Usf1	Fmr1
Usf1	Fshr
Usf1	Gata5
Usf1	Lipe
Usf1	Mt1
Usf1	Pdx1
Usf1	Pf4
Usf1	Pigr
Usf1	Prnd
Usf1	Ren1
Usf1	Spp1
Usf1	Tnfaip3
Usf2	Alx3
Usf2	Apoa5
Usf2	Bdnf
Usf2	Col1a1
Usf2	Fasn
Usf2	Fmr1
Usf2	Fshr
Usf2	Hmox1
Usf2	Lipe
Usf2	Mt1
Usf2	Pf4
Usf2	Pigr
Usf2	Ren1
Usf2	Spp1
Utf1	Tcf3
Vax2	Pax6
Vdr	Ctnnb1
Vdr	Cyp3a41a
Vdr	Igfbp3
Vdr	Lrp5
Vdr	Nphs1
Vdr	Runx2
Vdr	Spp1
Vdr	Tnfsf11
Vezf1	Edn1
Vezf1	Morf4l1
Vezf1	Mrgbp
Vezf1	Stmn1
Vhl	Epo
Vhl	Hif1a
Vhl	Tfam
Vsx2	Mitf
Vsx2	Nes
Vsx2	Vsx1
Whsc1l1	Cyp17a1
Wnt1	Ccnd1
Wnt1	Ccnd3
Wnt1	Cdkn1b
Wnt1	Coro1a
Wnt5a	Ptx3
Wnt5a	Ret
Wt1	Adamts16
Wt1	Amh
Wt1	Amhr2
Wt1	Coro1b
Wt1	Csf1
Wt1	Epo
Wt1	Igf2
Wt1	Il10
Wt1	Inha
Wt1	Nphs1
Wt1	Nr5a1
Wt1	Pax2
Wt1	Pou4f2
Wt1	Snai2
Wt1	Stim1
Wt1	Vegfa
Wt1	Wnt4
Wwp1	Trp53
Wwtr1	Glis3
Wwtr1	Ofd1
Wwtr1	Tsc1
Wwtr1	Zeb1
Xbp1	Bhlha15
Xbp1	Ern1
Xbp1	Fasn
Xbp1	Foxo1
Xbp1	Herpud1
Xbp1	Irf4
Xbp1	Pax5
Xbp1	Pou2af1
Xbp1	Prdm1
Xbp1	Setd7
Xbp1	Stard5
Xbp1	Tmbim6
Xbp1	Vegfa
Xpc	Cetn2
Xrcc5	Apaf1
Xrcc5	Il2
Xrcc6	Apaf1
Xrcc6	Bglap
Xrcc6	Il2
Ybx1	Abcb1a
Ybx1	Avp
Ybx1	Bmi1
Ybx1	Egfr
Ybx1	Mia
Ybx1	Nono
Ybx1	Slc2a3
Yy1	Amelx
Yy1	Cdh1
Yy1	Cdkn2c
Yy1	Col1a1
Yy1	Cpox
Yy1	Egf
Yy1	Fos
Yy1	H2-Ea-ps
Yy1	Hspa5
Yy1	Id4
Yy1	Ifnb1
Yy1	Lama1
Yy1	Msx2
Yy1	Nkx2-5
Yy1	Nr3c1
Yy1	Otx2
Yy1	Pax2
Yy1	Peg3
Yy1	Rb1
Yy1	Rgs16
Yy1	Serpine1
Yy1	Tcf4
Yy1	Tnfrsf4
Yy1	Top3a
Yy1	Trf
Yy1	Trp53
Yy1	Zhx1
Zbtb16	Cdkn1a
Zbtb16	Ddit4
Zbtb17	Mapk8
Zbtb17	Slc11a1
Zbtb2	Trp53
Zbtb20	Sox9
Zbtb32	Ciita
Zbtb33	Bcl6
Zbtb33	Ctnnb1
Zbtb33	Mmp7
Zbtb33	Rapsn
Zbtb33	Wnt11
Zbtb33	Zfp131
Zbtb38	Myog
Zbtb7a	Bcl2l11
Zbtb7a	Ccna2
Zbtb7a	Cdkn2a
Zbtb7a	Comp
Zbtb7a	Creb3
Zbtb7a	Nfatc1
Zeb1	Ccng2
Zeb1	Cd4
Zeb1	Cdh1
Zeb1	Gata3
Zeb1	Il2
Zeb1	Itga4
Zeb1	Itga7
Zeb1	Mia
Zeb1	Mitf
Zeb1	Pkp3
Zeb1	Rbl2
Zeb1	St3gal5
Zeb1	Tgfb1
Zeb1	Trp73
Zeb2	Cdh1
Zeb2	Ocln
Zfp13	Mpv17l
Zfp143	Nanog
Zfp143	Tcp1
Zfp148	Cdkn1a
Zfp148	Gata1
Zfp148	Rnls
Zfp148	Spi1
Zfp148	Tal1
Zfp148	Tph1
Zfp263	Col11a2
Zfp277	Cdkn2a
Zfp281	Nanog
Zfp335	Rest
Zfp36	Il2
Zfp36	Nfkb1
Zfp384	Nfkb1
Zfp385a	Cebpa
Zfp385a	Trp53
Zfp410	Mmp1a
Zfp42	Tsix
Zfp423	Ebf1
Zfp423	Pparg
Zfp423	Smad1
Zfp423	Smad4
Zfp488	Olig1
Zfp513	Arr3
Zfp513	Pax6
Zfp513	Rbp3
Zfp513	Sp4
Zfp523	Tcp1
Zfp64	Hes1
Zfp64	Hey1
Zfpm1	Fcer1g
Zfpm1	Gata3
Zfpm1	Hamp
Zfpm1	Itga2b
Zfpm1	Ms4a2
Zfpm2	Gata4
Zfpm2	Lhx9
Zfpm2	Sox9
Zhx3	Wt1
Zhx3	Zhx1
Zhx3	Zhx2
Zic1	Abhd14a
Zic1	Atoh1
Zic2	Afp
Zic2	Epha4
Zic2	Myf5
Zic2	Robo3
Zic2	Slc6a4
Zic3	Nanog
Zscan10	Nanog
Zscan10	Pou5f1
